{"dc:identifier": "55912b4a9d56", "url": "pairsource.csv-metadata.json", "dc:license": {"schema:name": "http://creativecommons.org/licenses/by/3.0/"}, "dc:publisher": {"schema:name": "Max Planck Institute for Evolutionary Anthropology", "schema:url": {"@id": "http://www.eva.mpg.de"}}, "@context": ["http://www.w3.org/ns/csvw", {"@language": "en"}], "tableSchema": {"primaryKey": "pk", "columns": [{"datatype": {"@id": "http://www.w3.org/2001/XMLSchema#int"}, "name": "pk", "dc:description": "primary key"}, {"datatype": {"@id": "http://www.w3.org/2001/XMLSchema#string"}, "name": "jsondata"}, {"datatype": {"@id": "http://www.w3.org/2001/XMLSchema#int"}, "name": "pair_pk"}, {"datatype": {"@id": "http://www.w3.org/2001/XMLSchema#int"}, "name": "source_pk"}, {"datatype": {"@id": "http://www.w3.org/2001/XMLSchema#dateTime"}, "name": "updated"}, {"datatype": {"@id": "http://www.w3.org/2001/XMLSchema#boolean"}, "name": "active"}, {"datatype": {"@id": "http://www.w3.org/2001/XMLSchema#dateTime"}, "name": "created"}], "foreignKeys": [{"columnReference": "pair_pk", "reference": {"columnReference": "pk", "resource": "pair"}}, {"columnReference": "source_pk", "reference": {"columnReference": "pk", "resource": "source"}}]}}