{"dc:identifier": "55912b4a9d56", "url": "pair.csv-metadata.json", "dc:license": {"schema:name": "http://creativecommons.org/licenses/by/3.0/"}, "dc:publisher": {"schema:name": "Max Planck Institute for Evolutionary Anthropology", "schema:url": {"@id": "http://www.eva.mpg.de"}}, "@context": ["http://www.w3.org/ns/csvw", {"@language": "en"}], "tableSchema": {"primaryKey": "pk", "columns": [{"datatype": {"@id": "http://www.w3.org/2001/XMLSchema#int"}, "name": "pk", "dc:description": "primary key"}, {"datatype": {"@id": "http://www.w3.org/2001/XMLSchema#string"}, "name": "jsondata"}, {"datatype": {"@id": "http://www.w3.org/2001/XMLSchema#string"}, "name": "id"}, {"datatype": {"@id": "http://www.w3.org/2001/XMLSchema#string"}, "name": "name"}, {"datatype": {"@id": "http://www.w3.org/2001/XMLSchema#string"}, "name": "description"}, {"datatype": {"@id": "http://www.w3.org/2001/XMLSchema#string"}, "name": "markup_description"}, {"datatype": {"@id": "http://www.w3.org/2001/XMLSchema#int"}, "name": "recipient_pk"}, {"datatype": {"@id": "http://www.w3.org/2001/XMLSchema#int"}, "name": "donor_pk"}, {"datatype": {"@id": "http://www.w3.org/2001/XMLSchema#string"}, "name": "area"}, {"datatype": {"@id": "http://www.w3.org/2001/XMLSchema#string"}, "name": "reliability"}, {"datatype": {"@id": "http://www.w3.org/2001/XMLSchema#int"}, "name": "int_reliability"}, {"datatype": {"@id": "http://www.w3.org/2001/XMLSchema#int"}, "name": "count_interrel"}, {"datatype": {"@id": "http://www.w3.org/2001/XMLSchema#int"}, "name": "count_borrowed"}, {"datatype": {"@id": "http://www.w3.org/2001/XMLSchema#dateTime"}, "name": "updated"}, {"datatype": {"@id": "http://www.w3.org/2001/XMLSchema#boolean"}, "name": "active"}, {"datatype": {"@id": "http://www.w3.org/2001/XMLSchema#dateTime"}, "name": "created"}], "foreignKeys": [{"columnReference": "recipient_pk", "reference": {"columnReference": "pk", "resource": "language"}}, {"columnReference": "donor_pk", "reference": {"columnReference": "pk", "resource": "language"}}]}}