{"dc:identifier": "55912b4a9d56", "url": "value.csv-metadata.json", "dc:license": {"schema:name": "http://creativecommons.org/licenses/by/3.0/"}, "dc:publisher": {"schema:name": "Max Planck Institute for Evolutionary Anthropology", "schema:url": {"@id": "http://www.eva.mpg.de"}}, "@context": ["http://www.w3.org/ns/csvw", {"@language": "en"}], "tableSchema": {"primaryKey": "pk", "columns": [{"datatype": {"@id": "http://www.w3.org/2001/XMLSchema#string"}, "name": "jsondata"}, {"datatype": {"@id": "http://www.w3.org/2001/XMLSchema#string"}, "name": "polymorphic_type"}, {"datatype": {"@id": "http://www.w3.org/2001/XMLSchema#string"}, "name": "id"}, {"datatype": {"@id": "http://www.w3.org/2001/XMLSchema#string"}, "name": "name"}, {"datatype": {"@id": "http://www.w3.org/2001/XMLSchema#string"}, "name": "description"}, {"datatype": {"@id": "http://www.w3.org/2001/XMLSchema#string"}, "name": "markup_description"}, {"datatype": {"@id": "http://www.w3.org/2001/XMLSchema#int"}, "name": "pk"}, {"datatype": {"@id": "http://www.w3.org/2001/XMLSchema#int"}, "name": "valueset_pk"}, {"datatype": {"@id": "http://www.w3.org/2001/XMLSchema#int"}, "name": "domainelement_pk"}, {"datatype": {"@id": "http://www.w3.org/2001/XMLSchema#float"}, "name": "frequency", "dc:description": "frequency of the value relative to other values for the same language"}, {"datatype": {"@id": "http://www.w3.org/2001/XMLSchema#string"}, "name": "confidence", "dc:description": "textual assessment of the reliability of the value assignment"}, {"datatype": {"@id": "http://www.w3.org/2001/XMLSchema#dateTime"}, "name": "updated"}, {"datatype": {"@id": "http://www.w3.org/2001/XMLSchema#boolean"}, "name": "active"}, {"datatype": {"@id": "http://www.w3.org/2001/XMLSchema#dateTime"}, "name": "created"}, {"datatype": {"@id": "http://www.w3.org/2001/XMLSchema#int"}, "name": "version"}], "foreignKeys": [{"columnReference": "valueset_pk", "reference": {"columnReference": "pk", "resource": "valueset"}}, {"columnReference": "domainelement_pk", "reference": {"columnReference": "pk", "resource": "domainelement"}}]}}