{"dc:identifier": "55912b4a9d56", "url": "waabvalue.csv-metadata.json", "dc:license": {"schema:name": "http://creativecommons.org/licenses/by/3.0/"}, "dc:publisher": {"schema:name": "Max Planck Institute for Evolutionary Anthropology", "schema:url": {"@id": "http://www.eva.mpg.de"}}, "@context": ["http://www.w3.org/ns/csvw", {"@language": "en"}], "tableSchema": {"primaryKey": "pk", "columns": [{"datatype": {"@id": "http://www.w3.org/2001/XMLSchema#int"}, "name": "pk"}, {"datatype": {"@id": "http://www.w3.org/2001/XMLSchema#int"}, "name": "pair_pk"}, {"datatype": {"@id": "http://www.w3.org/2001/XMLSchema#int"}, "name": "numeric"}], "foreignKeys": [{"columnReference": "pk", "reference": {"columnReference": "pk", "resource": "value"}}, {"columnReference": "pair_pk", "reference": {"columnReference": "pk", "resource": "pair"}}]}}