pk,created,updated,active,jsondata,polymorphic_type,id,name,description,markup_description,latitude,longitude,version
1,2013-11-19T20:49:33.004423+01:00,2013-12-02T09:12:54.770422+01:00,True,"{""color"": ""ffffff"", ""genus"": ""Eastern Cushitic"", ""macroarea"": ""Africa""}",base,1,Cushitic,,,-0.85,39.95,1
4,2013-11-19T20:49:33.025082+01:00,2013-12-02T09:12:54.802373+01:00,True,"{""color"": ""ffffff"", ""genus"": ""Finnic"", ""macroarea"": ""Eurasia""}",base,4,Estonian,,,59.5478,22.8209,1
9,2013-11-19T20:49:33.028962+01:00,2013-12-02T09:12:54.805523+01:00,True,"{""color"": ""ffffff"", ""genus"": ""Slavic"", ""macroarea"": ""Eurasia""}",base,9,Bulgarian,,,43.3646,25.047,1
10,2013-11-19T20:49:33.029844+01:00,2013-12-02T09:12:54.809571+01:00,True,"{""color"": ""ffffff"", ""genus"": ""Malayic"", ""macroarea"": ""Southeast Asia & Oceania""}",base,10,Banjar Malay,,,0.747105,115.79,1
14,2013-11-19T20:49:33.033441+01:00,2013-12-02T09:12:54.813232+01:00,True,"{""color"": ""ffffff"", ""genus"": ""Romance"", ""macroarea"": ""Eurasia""}",base,14,Norman French,,,48.0,2.0,1
15,2013-11-19T20:49:33.034388+01:00,2013-12-02T09:12:54.817663+01:00,True,"{""color"": ""ffffff"", ""genus"": ""Indic"", ""macroarea"": ""Eurasia""}",base,15,Nepali,,,27.5947,87.6201,1
20,2013-11-19T20:49:33.039294+01:00,2013-12-02T09:12:54.822663+01:00,True,"{""color"": ""ffffff"", ""genus"": ""Indic"", ""macroarea"": ""Eurasia""}",base,20,Sadri,,,23.6585,84.8114,1
25,2013-11-19T20:49:33.043740+01:00,2013-12-02T09:12:54.827170+01:00,True,"{""color"": ""ffffff"", ""genus"": ""Turkic"", ""macroarea"": ""Eurasia""}",base,25,Turkic,,,39.8667,32.8667,1
26,2013-11-19T20:49:33.044513+01:00,2013-12-02T09:12:54.831532+01:00,True,"{""color"": ""ffffff"", ""genus"": ""Iranian"", ""macroarea"": ""Eurasia""}",base,26,Tajik,,,38.8213,68.5549,1
29,2013-11-19T20:49:33.046869+01:00,2013-12-02T09:12:54.835856+01:00,True,"{""color"": ""ffffff"", ""genus"": ""Central Khoisan"", ""macroarea"": ""Africa""}",base,29,Kxoe languages,,,-16.5905,22.5998,1
30,2013-11-19T20:49:33.047714+01:00,2013-12-02T09:12:54.840264+01:00,True,"{""color"": ""ffffff"", ""genus"": ""Central Khoisan"", ""macroarea"": ""Africa""}",base,30,Shua‑Tshwa,,,-22.0939,20.7458,1
31,2013-11-19T20:49:33.048531+01:00,2013-12-02T09:12:54.844625+01:00,True,"{""color"": ""ffffff"", ""genus"": ""Mixe-Zoque"", ""macroarea"": ""North America""}",base,31,Zoquean languages,,,17.2157,-93.3183,1
32,2013-11-19T20:49:33.049287+01:00,2013-12-02T09:12:54.849082+01:00,True,"{""color"": ""ffffff"", ""genus"": ""Germanic"", ""macroarea"": ""Eurasia""}",base,32,Swedish,,,59.800634,17.389526,1
36,2013-11-19T20:49:33.052833+01:00,2013-12-02T09:12:54.853467+01:00,True,"{""color"": ""ffffff"", ""genus"": ""East Bougainville"", ""macroarea"": ""Southeast Asia & Oceania""}",base,36,Naasioi,,,-6.46022,155.632,1
38,2013-11-19T20:49:33.054483+01:00,2013-12-02T09:12:54.857888+01:00,True,"{""color"": ""ffffff"", ""genus"": ""Berber"", ""macroarea"": ""Africa""}",base,38,Moroccan Berber languages,,,32.7415,-2.40872,1
39,2013-11-19T20:49:33.055258+01:00,2013-12-02T09:12:54.862924+01:00,True,"{""color"": ""ffffff"", ""genus"": ""Tungusic"", ""macroarea"": ""Eurasia""}",base,39,Evenki,,,53.85,108.626,1
43,2013-11-19T20:49:33.058676+01:00,2013-12-02T09:12:54.867565+01:00,True,"{""color"": ""ffffff"", ""genus"": ""Romance"", ""macroarea"": ""Eurasia""}",base,43,Latin,,,41.9026,12.4502,1
49,2013-11-19T20:49:33.063306+01:00,2013-12-02T09:12:54.871828+01:00,True,"{""color"": ""ffffff"", ""genus"": ""Semitic"", ""macroarea"": ""Eurasia""}",base,49,Aramaic,,,37.373,42.5192,1
50,2013-11-19T20:49:33.064268+01:00,2013-12-02T09:12:54.876040+01:00,True,"{""color"": ""ffffff"", ""genus"": ""Quechuan"", ""macroarea"": ""South America""}",base,50,Quechua,,,-11.2132,-75.8128,1
159,2013-11-19T20:49:33.158417+01:00,2013-12-02T09:12:55.084997+01:00,True,"{""color"": ""ffffff"", ""genus"": ""Siouan"", ""macroarea"": ""North America""}",base,159,Quapaw,,,36.9471,-94.6634,1
52,2013-11-19T20:49:33.066126+01:00,2013-12-02T09:12:54.880243+01:00,True,"{""color"": ""ffffff"", ""genus"": ""Pama-Nyungan"", ""macroarea"": ""Australia & New Guinea""}",base,52,Gurindji,,,-17.0329,130.379,1
53,2013-11-19T20:49:33.067251+01:00,2013-12-02T09:12:54.884487+01:00,True,"{""color"": ""ffffff"", ""genus"": ""Bodic"", ""macroarea"": ""Eurasia""}",base,53,Tibetan,,,28.3681,90.1872,1
56,2013-11-19T20:49:33.070040+01:00,2013-12-02T09:12:54.888655+01:00,True,"{""color"": ""ffffff"", ""genus"": ""Iranian"", ""macroarea"": ""Eurasia""}",base,56,Makrān Baluchi,,,28.0,62.0,1
59,2013-11-19T20:49:33.072881+01:00,2013-12-02T09:12:54.892830+01:00,True,"{""color"": ""ffffff"", ""genus"": ""Turkic"", ""macroarea"": ""Eurasia""}",base,59,Uzbek,,,43.7489,59.231,1
61,2013-11-19T20:49:33.074656+01:00,2013-12-02T09:12:54.897009+01:00,True,"{""color"": ""ffffff"", ""genus"": ""Semitic"", ""macroarea"": ""Africa""}",base,61,Tigre,,,17.3494,38.2233,1
62,2013-11-19T20:49:33.075443+01:00,2013-12-02T09:12:54.901502+01:00,True,"{""color"": ""ffffff"", ""genus"": ""Greek"", ""macroarea"": ""Eurasia""}",base,62,Greek,,,42.3224,24.8699,1
63,2013-11-19T20:49:33.076215+01:00,2013-12-02T09:12:54.906419+01:00,True,"{""color"": ""ffffff"", ""genus"": ""Baltic"", ""macroarea"": ""Eurasia""}",base,63,Latvian,,,56.1424,18.1685,1
64,2013-11-19T20:49:33.077011+01:00,2013-12-02T09:12:54.910996+01:00,True,"{""color"": ""ffffff"", ""genus"": ""Germanic"", ""macroarea"": ""Southeast Asia & Oceania""}",base,64,English,,,52.0,0.0,1
65,2013-11-19T20:49:33.077877+01:00,2013-12-02T09:12:54.915442+01:00,True,"{""color"": ""ffffff"", ""genus"": ""Romance"", ""macroarea"": ""Eurasia""}",base,65,Sicilian Italian,,,43.0464,12.6489,1
66,2013-11-19T20:49:33.078728+01:00,2013-12-02T09:12:54.919708+01:00,True,"{""color"": ""ffffff"", ""genus"": ""Iranian"", ""macroarea"": ""Eurasia""}",base,66,Farsi,,,28.6593,55.1586,1
67,2013-11-19T20:49:33.079686+01:00,2013-12-02T09:12:54.923882+01:00,True,"{""color"": ""ffffff"", ""genus"": ""Slavic"", ""macroarea"": ""Eurasia""}",base,67,Croatian,,,44.3238,21.9192,1
69,2013-11-19T20:49:33.081576+01:00,2013-12-02T09:12:54.928121+01:00,True,"{""color"": ""ffffff"", ""genus"": ""Chinese"", ""macroarea"": ""Eurasia""}",base,69,Chinese,,,40.0209,116.228,1
75,2013-11-19T20:49:33.087007+01:00,2013-12-02T09:12:54.932360+01:00,True,"{""color"": ""ffffff"", ""genus"": ""Cariban"", ""macroarea"": ""South America""}",base,75,intermediate Proto‑Carib,,,5.83772,-56.8323,1
76,2013-11-19T20:49:33.087922+01:00,2013-12-02T09:12:54.936529+01:00,True,"{""color"": ""ffffff"", ""genus"": ""Semitic"", ""macroarea"": ""Eurasia""}",base,76,Arabic,,,34.0,-6.0,1
78,2013-11-19T20:49:33.089807+01:00,2013-12-02T09:12:54.940720+01:00,True,"{""color"": ""ffffff"", ""genus"": ""Bantoid"", ""macroarea"": ""Southeast Asia & Oceania""}",base,78,Swahili,,,-8.25605,37.624,1
79,2013-11-19T20:49:33.090723+01:00,2013-12-02T09:12:54.945541+01:00,True,"{""color"": ""ffffff"", ""genus"": ""Cariban"", ""macroarea"": ""South America""}",base,79,Carib,,,5.83772,-56.8323,1
88,2013-11-19T20:49:33.098396+01:00,2013-12-02T09:12:54.949813+01:00,True,"{""color"": ""ffffff"", ""genus"": ""Semitic"", ""macroarea"": ""Eurasia""}",base,88,Akkadian,,,,,1
89,2013-11-19T20:49:33.099349+01:00,2013-12-02T09:12:54.954222+01:00,True,"{""color"": ""ffffff"", ""genus"": ""Indic"", ""macroarea"": ""Eurasia""}",base,89,Hindi,,,25.0,77.0,1
93,2013-11-19T20:49:33.102647+01:00,2013-12-02T09:12:54.958472+01:00,True,"{""color"": ""ffffff"", ""genus"": ""Turkic"", ""macroarea"": ""Eurasia""}",base,93,Chuvash,,,55.487,47.163,1
97,2013-11-19T20:49:33.105747+01:00,2013-12-02T09:12:54.962966+01:00,True,"{""color"": ""ffffff"", ""genus"": ""Pama-Nyungan"", ""macroarea"": ""Australia & New Guinea""}",base,97,Northern Nyungic,,,-33.1199,118.151,1
98,2013-11-19T20:49:33.106491+01:00,2013-12-02T09:12:54.967291+01:00,True,"{""color"": ""ffffff"", ""genus"": ""Malayic"", ""macroarea"": ""Southeast Asia & Oceania""}",base,98,Malay,,,1.85856,103.0,1
101,2013-11-19T20:49:33.109060+01:00,2013-12-02T09:12:54.971584+01:00,True,"{""color"": ""ffffff"", ""genus"": ""Garrwan"", ""macroarea"": ""Australia & New Guinea""}",base,101,Karrwa,,,-17.4504,137.72,1
102,2013-11-19T20:49:33.109880+01:00,2013-12-02T09:12:54.975842+01:00,True,"{""color"": ""ffffff"", ""genus"": ""Slavic"", ""macroarea"": ""Eurasia""}",base,102,Russian,,,53.9195,72.3926,1
103,2013-11-19T20:49:33.110660+01:00,2013-12-02T09:12:54.980107+01:00,True,"{""color"": ""ffffff"", ""genus"": ""Slavic"", ""macroarea"": ""Eurasia""}",base,103,Bosnian/Croatian/Serbian,,,44.3238,21.9192,1
108,2013-11-19T20:49:33.114731+01:00,2013-12-02T09:12:54.984324+01:00,True,"{""color"": ""ffffff"", ""genus"": ""Northern Chukotko-Kamchatkan"", ""macroarea"": ""North America""}",base,108,Chukchi,,,68.6436,170.045,1
109,2013-11-19T20:49:33.115683+01:00,2013-12-02T09:12:54.989146+01:00,True,"{""color"": ""ffffff"", ""genus"": ""Semitic"", ""macroarea"": ""Africa""}",base,109,Libyan Arabic,,,22.0032,15.0014,1
116,2013-11-19T20:49:33.121898+01:00,2013-12-02T09:12:54.993375+01:00,True,"{""color"": ""ffffff"", ""genus"": ""Southern Dravidian"", ""macroarea"": ""Eurasia""}",base,116,Tamil,,,9.0,80.5,1
117,2013-11-19T20:49:33.122821+01:00,2013-12-02T09:12:54.997626+01:00,True,"{""color"": ""ffffff"", ""genus"": ""Finnic"", ""macroarea"": ""Eurasia""}",base,117,Komi‑Zyrian,,,64.0527,54.946,1
119,2013-11-19T20:49:33.124690+01:00,2013-12-02T09:12:55.001829+01:00,True,"{""color"": ""ffffff"", ""genus"": ""Iranian"", ""macroarea"": ""Eurasia""}",base,119,Persian,,,28.6593,55.1586,1
120,2013-11-19T20:49:33.125534+01:00,2013-12-02T09:12:55.006004+01:00,True,"{""color"": ""ffffff"", ""genus"": ""Mongolic"", ""macroarea"": ""Eurasia""}",base,120,Mongolian,,,48.324,106.289,1
122,2013-11-19T20:49:33.127118+01:00,2013-12-02T09:12:55.010225+01:00,True,"{""color"": ""ffffff"", ""genus"": ""Aymaran"", ""macroarea"": ""South America""}",base,122,Aymara,,,-17.0,-68.5,1
123,2013-11-19T20:49:33.127899+01:00,2013-12-02T09:12:55.014832+01:00,True,"{""color"": ""ffffff"", ""genus"": ""Bantoid"", ""macroarea"": ""Africa""}",base,123,North Swahili,,,-8.25605,37.624,1
125,2013-11-19T20:49:33.129445+01:00,2013-12-02T09:12:55.019383+01:00,True,"{""color"": ""ffffff"", ""genus"": ""Romance"", ""macroarea"": ""Eurasia""}",base,125,Romanian,,,46.3913,24.2256,1
126,2013-11-19T20:49:33.130217+01:00,2013-12-02T09:12:55.023655+01:00,True,"{""color"": ""ffffff"", ""genus"": ""Bantoid"", ""macroarea"": ""Africa""}",base,126,Lingala,,,1.40324,19.7829,1
130,2013-11-19T20:49:33.133762+01:00,2013-12-02T09:12:55.028540+01:00,True,"{""color"": ""ffffff"", ""genus"": ""Northern Philippines"", ""macroarea"": ""Southeast Asia & Oceania""}",base,130,Ilokano,,,15.9361,120.993,1
131,2013-11-19T20:49:33.134689+01:00,2013-12-02T09:12:55.032871+01:00,True,"{""color"": ""ffffff"", ""genus"": ""Germanic"", ""macroarea"": ""Southeast Asia & Oceania""}",base,131,Dutch,,,52.0,5.0,1
132,2013-11-19T20:49:33.135605+01:00,2013-12-02T09:12:55.037184+01:00,True,"{""color"": ""ffffff"", ""genus"": ""Indic"", ""macroarea"": ""Southeast Asia & Oceania""}",base,132,Sanskrit,,,20.0,77.0,1
138,2013-11-19T20:49:33.140880+01:00,2013-12-02T09:12:55.041515+01:00,True,"{""color"": ""ffffff"", ""genus"": ""Tucanoan"", ""macroarea"": ""North America""}",base,138,Eastern Tucanoan languages,,,0.579755,-69.5763,1
139,2013-11-19T20:49:33.141812+01:00,2013-12-02T09:12:55.045779+01:00,True,"{""color"": ""ffffff"", ""genus"": ""Meso-Philippine"", ""macroarea"": ""Southeast Asia & Oceania""}",base,139,Visayan,,,8.38799,124.367,1
140,2013-11-19T20:49:33.142647+01:00,2013-12-02T09:12:55.049993+01:00,True,"{""color"": ""ffffff"", ""genus"": ""Nunggubuyu"", ""macroarea"": ""Australia & New Guinea""}",base,140,Nunggubuyu,,,-14.2623,135.753,1
143,2013-11-19T20:49:33.145102+01:00,2013-12-02T09:12:55.054157+01:00,True,"{""color"": ""ffffff"", ""genus"": ""Iranian"", ""macroarea"": ""Eurasia""}",base,143,Kurdish,,,37.0,43.0,1
145,2013-11-19T20:49:33.146680+01:00,2013-12-02T09:12:55.058318+01:00,True,"{""color"": ""ffffff"", ""genus"": ""Lower Mamberano"", ""macroarea"": ""Southeast Asia & Oceania""}",base,145,Warembori,,,-1.65941,137.566,1
148,2013-11-19T20:49:33.149144+01:00,2013-12-02T09:12:55.062636+01:00,True,"{""color"": ""ffffff"", ""genus"": ""Arawakan"", ""macroarea"": ""South America""}",base,148,Yucuna and Cabiyarí,,,-0.76075,-71.0033,1
151,2013-11-19T20:49:33.151868+01:00,2013-12-02T09:12:55.066860+01:00,True,"{""color"": ""ffffff"", ""genus"": ""Romance"", ""macroarea"": ""Southeast Asia & Oceania""}",base,151,Portuguese,,,42.0341,-4.18815,1
155,2013-11-19T20:49:33.155269+01:00,2013-12-02T09:12:55.072131+01:00,True,"{""color"": ""ffffff"", ""genus"": ""Boran"", ""macroarea"": ""South America""}",base,155,Bora,,,-2.91467,-68.9093,1
128,2013-11-19T20:49:33.131846+01:00,2013-11-19T20:49:43.468434+01:00,True,"{""color"": ""8b4512"", ""genus"": ""Arawakan"", ""macroarea"": ""South America""}",base,128,Resígaro,,,-2.42,-71.5,1
54,2013-11-19T20:49:33.068088+01:00,2013-11-19T20:49:43.472259+01:00,True,"{""color"": ""8b4512"", ""genus"": ""English-based"", ""macroarea"": ""Australia & New Guinea""}",base,54,Gurindji Kriol,,,-14.83,135.0,1
73,2013-11-19T20:49:33.085184+01:00,2013-11-19T20:49:43.476369+01:00,True,"{""color"": ""8b4512"", ""genus"": ""Aleut"", ""macroarea"": ""Eurasia""}",base,73,Copper Island Aleut,,,55.0,166.16,1
46,2013-11-19T20:49:33.061037+01:00,2013-11-19T20:49:43.481039+01:00,True,"{""color"": ""8b4512"", ""genus"": ""Turkic"", ""macroarea"": ""Eurasia""}",base,46,Sakha,,,62.0,130.0,1
13,2013-11-19T20:49:33.032459+01:00,2013-11-19T20:49:43.483500+01:00,True,"{""color"": ""8b4512"", ""genus"": ""Indic"", ""macroarea"": ""Eurasia""}",base,13,Kalderash Romani,,,45.4,20.18,1
153,2013-11-19T20:49:33.153488+01:00,2013-11-19T20:49:43.486472+01:00,True,"{""color"": ""8b4512"", ""genus"": ""Tungusic"", ""macroarea"": ""Eurasia""}",base,153,Sebjan‑Küöl Ėven,,,66.4166666667,128.416666667,1
135,2013-11-19T20:49:33.138033+01:00,2013-11-19T20:49:43.490947+01:00,True,"{""color"": ""8b4512"", ""genus"": ""Iranian"", ""macroarea"": ""Eurasia""}",base,135,Northern Tajik,,,38.4,70.0,1
42,2013-11-19T20:49:33.057826+01:00,2013-11-19T20:49:43.499478+01:00,True,"{""color"": ""8b4512"", ""genus"": ""Malayic"", ""macroarea"": ""Southeast Asia & Oceania""}",base,42,Indonesian,,,-6.17,106.75,1
21,2013-11-19T20:49:33.040223+01:00,2013-11-19T20:49:43.505051+01:00,True,"{""color"": ""cd661c"", ""genus"": ""Tungusic"", ""macroarea"": ""Eurasia""}",base,21,Uchur Ėvenki,,,56.0,125.0,1
83,2013-11-19T20:49:33.093983+01:00,2013-11-19T20:49:43.510252+01:00,True,"{""color"": ""cd661c"", ""genus"": ""Germanic"", ""macroarea"": ""Eurasia""}",base,83,Middle English,,,51.5072,-0.1275,1
23,2013-11-19T20:49:33.042135+01:00,2013-11-19T20:49:43.515732+01:00,True,"{""color"": ""cd661c"", ""genus"": ""Spanish-based"", ""macroarea"": ""Southeast Asia & Oceania""}",base,23,Chabacano,,,7.0,122.08,1
35,2013-11-19T20:49:33.051938+01:00,2013-11-19T20:49:43.518561+01:00,True,"{""color"": ""8b4512"", ""genus"": ""Finnic"", ""macroarea"": ""Eurasia""}",base,35,Mari,,,57.0,48.0,1
51,2013-11-19T20:49:33.065196+01:00,2013-11-19T20:49:43.520696+01:00,True,"{""color"": ""cd661c"", ""genus"": ""Central Cushitic"", ""macroarea"": ""Africa""}",base,51,Bilin,,,15.75,38.5,1
18,2013-11-19T20:49:33.037342+01:00,2013-11-19T20:49:43.522951+01:00,True,"{""color"": ""8b4512"", ""genus"": ""Albanian"", ""macroarea"": ""Eurasia""}",base,18,Albanian,,,41.33,20.83,1
33,2013-11-19T20:49:33.050019+01:00,2013-11-19T20:49:43.528294+01:00,True,"{""color"": ""cd661c"", ""genus"": ""Quechuan"", ""macroarea"": ""South America""}",base,33,Cajamarca Quechua,,,-7.0,-78.5,1
147,2013-11-19T20:49:33.148277+01:00,2013-11-19T20:49:43.533217+01:00,True,"{""color"": ""cd661c"", ""genus"": ""Uru-Chipaya"", ""macroarea"": ""South America""}",base,147,Uru,,,-16.75,-69.0,1
104,2013-11-19T20:49:33.111496+01:00,2013-11-19T20:49:43.538098+01:00,True,"{""color"": ""cd661c"", ""genus"": ""Semitic"", ""macroarea"": ""Eurasia""}",base,104,Israeli Hebrew,,,31.5,34.83,1
5,2013-11-19T20:49:33.025849+01:00,2013-11-19T20:49:43.543018+01:00,True,"{""color"": ""ee7620"", ""genus"": ""Bodic"", ""macroarea"": ""Eurasia""}",base,5,Chantyal,,,28.58,83.42,1
80,2013-11-19T20:49:33.091571+01:00,2013-11-19T20:49:43.547830+01:00,True,"{""color"": ""cd661c"", ""genus"": ""Greek"", ""macroarea"": ""Eurasia""}",base,80,Cappadocian Greek,,,38.39,34.51,1
77,2013-11-19T20:49:33.088910+01:00,2013-11-19T20:49:43.551070+01:00,True,"{""color"": ""cd661c"", ""genus"": ""Semitic"", ""macroarea"": ""Eurasia""}",base,77,Kormakiti,,,35.25,33.5,1
12,2013-11-19T20:49:33.031481+01:00,2013-11-19T20:49:43.553743+01:00,True,"{""color"": ""cd661c"", ""genus"": ""Berber"", ""macroarea"": ""Africa""}",base,12,Siwi,,,29.17,25.5,1
19,2013-11-19T20:49:33.038350+01:00,2013-11-19T20:49:43.556558+01:00,True,"{""color"": ""cd661c"", ""genus"": ""Maran"", ""macroarea"": ""Australia & New Guinea""}",base,19,Warndarang,,,-14.42,135.58,1
133,2013-11-19T20:49:33.136436+01:00,2013-11-19T20:49:43.560312+01:00,True,"{""color"": ""ee7620"", ""genus"": ""Arawakan"", ""macroarea"": ""South America""}",base,133,Garifuna,,,15.67,-88.0,1
17,2013-11-19T20:49:33.036305+01:00,2013-11-19T20:49:43.562965+01:00,True,"{""color"": ""ee7620"", ""genus"": ""Pama-Nyungan"", ""macroarea"": ""Australia & New Guinea""}",base,17,Ritharngu,,,-12.83,135.5,1
110,2013-11-19T20:49:33.116538+01:00,2013-11-19T20:49:43.566278+01:00,True,"{""color"": ""ee7620"", ""genus"": ""Northern Philippines"", ""macroarea"": ""Southeast Asia & Oceania""}",base,110,Guina‑ang Bontok,,,17.08,120.92,1
90,2013-11-19T20:49:33.100193+01:00,2013-11-19T20:49:43.569750+01:00,True,"{""color"": ""cd661c"", ""genus"": ""Turkic"", ""macroarea"": ""Eurasia""}",base,90,Sonqor Turkic,,,34.7836111111,47.6002777778,1
150,2013-11-19T20:49:33.151021+01:00,2013-11-19T20:49:43.575221+01:00,True,"{""color"": ""ee7620"", ""genus"": ""Ngandi"", ""macroarea"": ""Australia & New Guinea""}",base,150,Ngandi,,,-13.83,135.0,1
41,2013-11-19T20:49:33.056985+01:00,2013-11-19T20:49:43.580848+01:00,True,"{""color"": ""ee7620"", ""genus"": ""Central Khoisan"", ""macroarea"": ""Africa""}",base,41,Danisi,,,-22.5,20.5,1
129,2013-11-19T20:49:33.132821+01:00,2013-11-19T20:49:43.587343+01:00,True,"{""color"": ""cd661c"", ""genus"": ""Romance"", ""macroarea"": ""Eurasia""}",base,129,Istro‑Romanian,,,45.21,14.11,1
68,2013-11-19T20:49:33.080627+01:00,2013-11-19T20:49:43.590558+01:00,True,"{""color"": ""cd661c"", ""genus"": ""Chinese-based"", ""macroarea"": ""Eurasia""}",base,68,Wutun,,,35.65,102.22,1
105,2013-11-19T20:49:33.112268+01:00,2013-11-19T20:49:43.592874+01:00,True,"{""color"": ""ff7f24"", ""genus"": ""Muskogean"", ""macroarea"": ""North America""}",base,105,Koasati,,,34.83,-85.17,1
96,2013-11-19T20:49:33.105005+01:00,2013-11-19T20:49:43.595128+01:00,True,"{""color"": ""ee7620"", ""genus"": ""Semitic"", ""macroarea"": ""Eurasia""}",base,96,Hasankeyf Arabic,,,37.7141083333,41.4131666667,1
154,2013-11-19T20:49:33.154465+01:00,2013-11-19T20:49:43.597490+01:00,True,"{""color"": ""ee7620"", ""genus"": ""Romance"", ""macroarea"": ""Eurasia""}",base,154,Sri Lanka Portuguese,,,6.54,79.5,1
124,2013-11-19T20:49:33.128677+01:00,2013-11-19T20:49:43.599830+01:00,True,"{""color"": ""ff7f24"", ""genus"": ""Taustralia & New Guineakic"", ""macroarea"": ""Australia & New Guinea""}",base,124,Kayardild,,,-17.05,139.5,1
91,2013-11-19T20:49:33.101034+01:00,2013-11-19T20:49:43.602173+01:00,True,"{""color"": ""ff7f24"", ""genus"": ""Sumerian"", ""macroarea"": ""Eurasia""}",base,91,Sumerian,,,31.32,45.95,1
74,2013-11-19T20:49:33.086104+01:00,2013-11-19T20:49:43.604714+01:00,True,"{""color"": ""ff7f24"", ""genus"": ""Oceanic"", ""macroarea"": ""Southeast Asia & Oceania""}",base,74,Torau,,,-6.17,155.5,1
141,2013-11-19T20:49:33.143517+01:00,2013-11-19T20:49:43.607044+01:00,True,"{""color"": ""ee7620"", ""genus"": ""Semitic"", ""macroarea"": ""Eurasia""}",base,141,Maltese,,,35.92,14.42,1
6,2013-11-19T20:49:33.026678+01:00,2013-11-19T20:49:43.611454+01:00,True,"{""color"": ""ee7620"", ""genus"": ""Munda"", ""macroarea"": ""Eurasia""}",base,6,Kharia,,,22.5,84.33,1
107,2013-11-19T20:49:33.113847+01:00,2013-11-19T20:49:43.614144+01:00,True,"{""color"": ""ee7620"", ""genus"": ""Finnic"", ""macroarea"": ""Eurasia""}",base,107,Ingrian Finnish,,,59.9166666667,29.7666666667,1
156,2013-11-19T20:49:33.156082+01:00,2013-12-02T09:12:55.076519+01:00,True,"{""color"": ""ffffff"", ""genus"": ""Romance"", ""macroarea"": ""North America""}",base,156,Spanish,,,40.4414,-1.11788,1
157,2013-11-19T20:49:33.156881+01:00,2013-12-02T09:12:55.080836+01:00,True,"{""color"": ""ffffff"", ""genus"": ""Baric"", ""macroarea"": ""Eurasia""}",base,157,Tibeto-Burman languages,,,26.7255,89.3332,1
92,2013-11-19T20:49:33.101837+01:00,2013-11-19T20:49:43.616371+01:00,True,"{""color"": ""ee7620"", ""genus"": ""Barito"", ""macroarea"": ""Southeast Asia & Oceania""}",base,92,Malagasy,,,-20.52,47.25,1
71,2013-11-19T20:49:33.083356+01:00,2013-11-19T20:49:43.618443+01:00,True,"{""color"": ""ff7f24"", ""genus"": ""Tupi-Guarani"", ""macroarea"": ""South America""}",base,71,Wayampi‑Emerillon‑Zo’é,,,3.25,-52.33,1
45,2013-11-19T20:49:33.060225+01:00,2013-11-19T20:49:43.620459+01:00,True,"{""color"": ""ff7f24"", ""genus"": ""Oceanic"", ""macroarea"": ""Southeast Asia & Oceania""}",base,45,Hawaiian,,,19.58,-155.5,1
48,2013-11-19T20:49:33.062554+01:00,2013-11-19T20:49:43.622910+01:00,True,"{""color"": ""cd661c"", ""genus"": ""Finnic"", ""macroarea"": ""Eurasia""}",base,48,Kola Saami,,,67.0,37.0,1
84,2013-11-19T20:49:33.094876+01:00,2013-11-19T20:49:43.625359+01:00,True,"{""color"": ""ff7f24"", ""genus"": ""Iranian"", ""macroarea"": ""Eurasia""}",base,84,Western Kurmanji,,,38.8333333333,43.8333333333,1
40,2013-11-19T20:49:33.056062+01:00,2013-11-19T20:49:43.627855+01:00,True,"{""color"": ""ff7f24"", ""genus"": ""Bodic"", ""macroarea"": ""Eurasia""}",base,40,Manange,,,28.4,84.01,1
27,2013-11-19T20:49:33.045293+01:00,2013-11-19T20:49:43.630565+01:00,True,"{""color"": ""8b4512"", ""genus"": ""Germanic"", ""macroarea"": ""Eurasia""}",base,27,Yiddish,,,52.0,23.0,1
7,2013-11-19T20:49:33.027442+01:00,2013-11-19T20:49:43.635496+01:00,True,"{""color"": ""8b4512"", ""genus"": ""Romance"", ""macroarea"": ""Eurasia""}",base,7,Megleno Romanian,,,40.58,22.3,1
87,2013-11-19T20:49:33.097532+01:00,2013-11-19T20:49:43.640349+01:00,True,"{""color"": ""8b4512"", ""genus"": ""Albanian"", ""macroarea"": ""Eurasia""}",base,87,Arvanitic Albanian,,,37.58,23.43,1
57,2013-11-19T20:49:33.070979+01:00,2013-11-19T20:49:43.645061+01:00,True,"{""color"": ""ff7f24"", ""genus"": ""Tetun-based"", ""macroarea"": ""Southeast Asia & Oceania""}",base,57,Tetun Dili,,,-8.58,125.7,1
55,2013-11-19T20:49:33.069077+01:00,2013-11-19T20:49:43.650733+01:00,True,"{""color"": ""cd661c"", ""genus"": ""Indic"", ""macroarea"": ""Eurasia""}",base,55,Lithuanian Romani,,,56.23,24.03,1
70,2013-11-19T20:49:33.082459+01:00,2013-11-19T20:49:43.655875+01:00,True,"{""color"": ""ff7f24"", ""genus"": ""Mixe-Zoque"", ""macroarea"": ""South America""}",base,70,Sierra Popoluca,,,18.33,-95.17,1
37,2013-11-19T20:49:33.053669+01:00,2013-11-19T20:49:43.661068+01:00,True,"{""color"": ""ee7620"", ""genus"": ""Northern Dravidian"", ""macroarea"": ""Eurasia""}",base,37,Brahui,,,28.5,67.0,1
28,2013-11-19T20:49:33.046025+01:00,2013-11-19T20:49:43.666038+01:00,True,"{""color"": ""cd661c"", ""genus"": ""Aslian"", ""macroarea"": ""Southeast Asia & Oceania""}",base,28,Semelai,,,3.0,103.0,1
149,2013-11-19T20:49:33.150078+01:00,2013-11-19T20:49:43.671171+01:00,True,"{""color"": ""ff7f24"", ""genus"": ""Sulawesi"", ""macroarea"": ""Southeast Asia & Oceania""}",base,149,Tukang Besi,,,-5.5,123.5,1
60,2013-11-19T20:49:33.073806+01:00,2013-11-19T20:49:43.676258+01:00,True,"{""color"": ""ff7f24"", ""genus"": ""Tarascan"", ""macroarea"": ""North America""}",base,60,Purepecha/Tarascan,,,19.5,-101.75,1
2,2013-11-19T20:49:33.023587+01:00,2013-11-19T20:49:43.681308+01:00,True,"{""color"": ""ee7620"", ""genus"": ""Kwerba"", ""macroarea"": ""Southeast Asia & Oceania""}",base,2,Kwerba Kasonaweja,,,-2.25,138.5,1
113,2013-11-19T20:49:33.119114+01:00,2013-11-19T20:49:43.686929+01:00,True,"{""color"": ""ee7620"", ""genus"": ""Lezgic"", ""macroarea"": ""Eurasia""}",base,113,Lezgian,,,41.67,47.83,1
47,2013-11-19T20:49:33.061792+01:00,2013-11-19T20:49:43.692016+01:00,True,"{""color"": ""ff7f24"", ""genus"": ""Central Khoisan"", ""macroarea"": ""Africa""}",base,47,G|ui‑Gǁana,,,-22.67,21.75,1
11,2013-11-19T20:49:33.030668+01:00,2013-11-19T20:49:43.697104+01:00,True,"{""color"": ""ee7620"", ""genus"": ""Eskimo"", ""macroarea"": ""North America""}",base,11,Central Siberian Yupik Eskimo,,,63.5,-170.5,1
134,2013-11-19T20:49:33.137255+01:00,2013-11-19T20:49:43.702528+01:00,True,"{""color"": ""cd661c"", ""genus"": ""Northern Dravidian"", ""macroarea"": ""Eurasia""}",base,134,Kurux,,,22.83,85.5,1
81,2013-11-19T20:49:33.092348+01:00,2013-11-19T20:49:43.707641+01:00,True,"{""color"": ""cd661c"", ""genus"": ""Turkic"", ""macroarea"": ""Eurasia""}",base,81,Turkish,,,39.0,35.0,1
118,2013-11-19T20:49:33.123742+01:00,2013-11-19T20:49:43.713068+01:00,True,"{""color"": ""8b4512"", ""genus"": ""Turkic"", ""macroarea"": ""Eurasia""}",base,118,Azari,,,37.5,47.0,1
106,2013-11-19T20:49:33.113068+01:00,2013-11-19T20:49:43.718713+01:00,True,"{""color"": ""8b4512"", ""genus"": ""Indic"", ""macroarea"": ""Eurasia""}",base,106,Kashmiri,,,34.0,76.0,1
137,2013-11-19T20:49:33.139850+01:00,2013-11-19T20:49:43.722594+01:00,True,"{""color"": ""8b4512"", ""genus"": ""Ugric"", ""macroarea"": ""Eurasia""}",base,137,Khanty,,,65.0,65.0,1
16,2013-11-19T20:49:33.035305+01:00,2013-11-19T20:49:43.725099+01:00,True,"{""color"": ""ee7620"", ""genus"": ""Finnic"", ""macroarea"": ""Eurasia""}",base,16,Finnish,,,62.0,25.0,1
112,2013-11-19T20:49:33.118268+01:00,2013-11-19T20:49:43.727437+01:00,True,"{""color"": ""ff7f24"", ""genus"": ""Tucanoan"", ""macroarea"": ""South America""}",base,112,"Carapana, Tatuyo, Wáimaja, and Yurutí",,,0.92,-71.42,1
121,2013-11-19T20:49:33.126341+01:00,2013-11-19T20:49:43.729972+01:00,True,"{""color"": ""8b4512"", ""genus"": ""Basque"", ""macroarea"": ""Eurasia""}",base,121,Basque,,,43.0,-3.0,1
152,2013-11-19T20:49:33.152692+01:00,2013-11-19T20:49:43.732286+01:00,True,"{""color"": ""ff7f24"", ""genus"": ""Semitic"", ""macroarea"": ""Africa""}",base,152,Moroccan Arabic,,,34.0333333333,-6.83333333333,1
100,2013-11-19T20:49:33.108128+01:00,2013-11-19T20:49:43.734629+01:00,True,"{""color"": ""cd661c"", ""genus"": ""Quechuan"", ""macroarea"": ""South America""}",base,100,Quechua de Puno,,,-15.75,-70.13,1
146,2013-11-19T20:49:33.147490+01:00,2013-11-19T20:49:43.736960+01:00,True,"{""color"": ""ff7f24"", ""genus"": ""Chinese"", ""macroarea"": ""Eurasia""}",base,146,Chinese of Línxìa/Hézōu,,,35.6,103.216666667,1
95,2013-11-19T20:49:33.104249+01:00,2013-11-19T20:49:43.739544+01:00,True,"{""color"": ""cd661c"", ""genus"": ""Romance"", ""macroarea"": ""Eurasia""}",base,95,Judeo‑Spanish,,,41.0136111111,28.955,1
99,2013-11-19T20:49:33.107346+01:00,2013-11-19T20:49:43.741905+01:00,True,"{""color"": ""cd661c"", ""genus"": ""Finnic"", ""macroarea"": ""Eurasia""}",base,99,Karelien,,,64.0,32.0,1
58,2013-11-19T20:49:33.071922+01:00,2013-11-19T20:49:43.744288+01:00,True,"{""color"": ""ee7620"", ""genus"": ""Arawakan"", ""macroarea"": ""North America""}",base,58,Tariana,,,1.0,-69.17,1
136,2013-11-19T20:49:33.138914+01:00,2013-11-19T20:49:43.746747+01:00,True,"{""color"": ""ee7620"", ""genus"": ""Mayan"", ""macroarea"": ""North America""}",base,136,Cho’ol,,,17.3,-92.4333333333,1
111,2013-11-19T20:49:33.117440+01:00,2013-11-19T20:49:43.749062+01:00,True,"{""color"": ""ff7f24"", ""genus"": ""Semitic"", ""macroarea"": ""Eurasia""}",base,111,Western Neo‑Aramaic of Ma’lūla,,,33.8441666667,36.5466666667,1
142,2013-11-19T20:49:33.144318+01:00,2013-11-19T20:49:43.751715+01:00,True,"{""color"": ""8b4512"", ""genus"": ""Indic"", ""macroarea"": ""Eurasia""}",base,142,Assamese,,,26.0,93.0,1
22,2013-11-19T20:49:33.041217+01:00,2013-11-19T20:49:43.754442+01:00,True,"{""color"": ""ff7f24"", ""genus"": ""Aztecan"", ""macroarea"": ""North America""}",base,22,Mexicanero de la Sierra Madre Occidental,,,24.9347222222,-104.911944444,1
158,2013-11-19T20:49:33.157658+01:00,2013-11-19T20:49:43.757260+01:00,True,"{""color"": ""ff7f24"", ""genus"": ""Mayan"", ""macroarea"": ""North America""}",base,158,Yucatec Maya,,,20.0,-89.0,1
85,2013-11-19T20:49:33.095767+01:00,2013-11-19T20:49:43.760075+01:00,True,"{""color"": ""ff7f24"", ""genus"": ""Central Malayo-Polynesian"", ""macroarea"": ""Southeast Asia & Oceania""}",base,85,Kedang,,,-8.25,123.75,1
3,2013-11-19T20:49:33.024401+01:00,2013-11-19T20:49:43.762921+01:00,True,"{""color"": ""ee7620"", ""genus"": ""Semitic"", ""macroarea"": ""Eurasia""}",base,3,Iraqi Arabic,,,33.0,44.0,1
86,2013-11-19T20:49:33.096673+01:00,2013-11-19T20:49:43.765733+01:00,True,"{""color"": ""ff7f24"", ""genus"": ""Muskogean"", ""macroarea"": ""North America""}",base,86,Alabama and Choctaw‑Chickasaw,,,35.2388888889,-96.2397222222,1
115,2013-11-19T20:49:33.120970+01:00,2013-11-19T20:49:43.768537+01:00,True,"{""color"": ""ff7f24"", ""genus"": ""Germanic"", ""macroarea"": ""Eurasia""}",base,115,German,,,56.9488888889,24.1063888889,1
72,2013-11-19T20:49:33.084266+01:00,2013-11-19T20:49:43.771406+01:00,True,"{""color"": ""ee7620"", ""genus"": ""Arawakan"", ""macroarea"": ""South America""}",base,72,Amuesha,,,-10.5,-75.42,1
8,2013-11-19T20:49:33.028228+01:00,2013-11-19T20:49:43.774584+01:00,True,"{""color"": ""cd661c"", ""genus"": ""Mongolic"", ""macroarea"": ""Eurasia""}",base,8,Moghol,,,35.0,62.0,1
82,2013-11-19T20:49:33.093143+01:00,2013-11-19T20:49:43.778285+01:00,True,"{""color"": ""ee7620"", ""genus"": ""Mongolic"", ""macroarea"": ""Eurasia""}",base,82,Dagur,,,48.0,124.0,1
94,2013-11-19T20:49:33.103461+01:00,2013-11-19T20:49:43.781885+01:00,True,"{""color"": ""ff7f24"", ""genus"": ""Ugric"", ""macroarea"": ""Eurasia""}",base,94,Hungarian,,,45.8252777778,17.8222222222,1
24,2013-11-19T20:49:33.042960+01:00,2013-11-19T20:49:43.785692+01:00,True,"{""color"": ""cd661c"", ""genus"": ""Mongolic"", ""macroarea"": ""Eurasia""}",base,24,Santa,,,31.5,107.5,1
34,2013-11-19T20:49:33.050977+01:00,2013-11-19T20:49:43.789411+01:00,True,"{""color"": ""cd661c"", ""genus"": ""Mongolic"", ""macroarea"": ""Eurasia""}",base,34,Middle Mongolic,,,46.0,105.0,1
44,2013-11-19T20:49:33.059457+01:00,2013-11-19T20:49:43.793176+01:00,True,"{""color"": ""ee7620"", ""genus"": ""Ubangi"", ""macroarea"": ""Africa""}",base,44,Ndunga-le,,,2.25,21.5,1
114,2013-11-19T20:49:33.120024+01:00,2013-11-19T20:49:43.797074+01:00,True,"{""color"": ""ee7620"", ""genus"": ""Bantoid"", ""macroarea"": ""Africa""}",base,114,Ilwana,,,-0.456944444444,39.6583333333,1
127,2013-11-19T20:49:33.130970+01:00,2013-11-19T20:49:43.800969+01:00,True,"{""color"": ""ee7620"", ""genus"": ""Bantoid"", ""macroarea"": ""Africa""}",base,127,South Swahili,,,-4.02,39.43,1
144,2013-11-19T20:49:33.145882+01:00,2013-11-19T20:49:43.807335+01:00,True,"{""color"": ""ee7620"", ""genus"": ""Aztecan"", ""macroarea"": ""North America""}",base,144,Central Mexicano Nahuatl,,,18.7475,-99.0702777778,1
