created,updated,active,jsondata,polymorphic_type,id,name,description,markup_description,pk,valueset_pk,domainelement_pk,frequency,confidence,version
2013-11-19T20:49:33.763730+01:00,2013-11-19T20:49:33.763734+01:00,True,,base,1-7,1,Bora affixes in Resígaro,,1,1,,,,1
2013-11-19T20:49:33.765603+01:00,2013-11-19T20:49:33.765607+01:00,True,,base,1-12,2,Bora affixes in Resígaro,,2,2,,,,1
2013-11-19T20:49:33.766235+01:00,2013-11-19T20:49:33.766239+01:00,True,,base,1-13,38,Bora affixes in Resígaro,,3,3,,,,1
2013-11-19T20:49:33.766982+01:00,2013-11-19T20:49:33.766986+01:00,True,,base,1-15,1,Bora affixes in Resígaro,,4,4,,,,1
2013-11-19T20:49:33.767680+01:00,2013-11-19T20:49:33.767683+01:00,True,,base,1-24,3,Bora affixes in Resígaro,,5,5,,,,1
2013-11-19T20:49:33.768355+01:00,2013-11-19T20:49:33.768358+01:00,True,,base,1-25,3,Bora affixes in Resígaro,,6,6,,,,1
2013-11-19T20:49:33.768960+01:00,2013-11-19T20:49:33.768963+01:00,True,,base,1-39,2,Bora affixes in Resígaro,,7,7,,,,1
2013-11-19T20:49:33.801947+01:00,2013-11-19T20:49:33.801953+01:00,True,,base,2-7,1,Gurindji affixes in Gurindji Kriol,,8,8,,,,1
2013-11-19T20:49:33.802659+01:00,2013-11-19T20:49:33.802664+01:00,True,,base,2-8,1,Gurindji affixes in Gurindji Kriol,,9,9,,,,1
2013-11-19T20:49:33.803431+01:00,2013-11-19T20:49:33.803436+01:00,True,,base,2-10,3,Gurindji affixes in Gurindji Kriol,,10,10,,,,1
2013-11-19T20:49:33.804191+01:00,2013-11-19T20:49:33.804195+01:00,True,,base,2-11,1,Gurindji affixes in Gurindji Kriol,,11,11,,,,1
2013-11-19T20:49:33.804989+01:00,2013-11-19T20:49:33.804994+01:00,True,,base,2-17,1,Gurindji affixes in Gurindji Kriol,,12,12,,,,1
2013-11-19T20:49:33.805774+01:00,2013-11-19T20:49:33.805779+01:00,True,,base,2-18,2,Gurindji affixes in Gurindji Kriol,,13,13,,,,1
2013-11-19T20:49:33.806532+01:00,2013-11-19T20:49:33.806537+01:00,True,,base,2-19,1,Gurindji affixes in Gurindji Kriol,,14,14,,,,1
2013-11-19T20:49:33.807232+01:00,2013-11-19T20:49:33.807235+01:00,True,,base,2-20,1,Gurindji affixes in Gurindji Kriol,,15,15,,,,1
2013-11-19T20:49:33.807857+01:00,2013-11-19T20:49:33.807861+01:00,True,,base,2-24,2,Gurindji affixes in Gurindji Kriol,,16,16,,,,1
2013-11-19T20:49:33.808406+01:00,2013-11-19T20:49:33.808410+01:00,True,,base,2-25,1,Gurindji affixes in Gurindji Kriol,,17,17,,,,1
2013-11-19T20:49:33.808990+01:00,2013-11-19T20:49:33.808993+01:00,True,,base,2-27,4,Gurindji affixes in Gurindji Kriol,,18,18,,,,1
2013-11-19T20:49:33.809582+01:00,2013-11-19T20:49:33.809587+01:00,True,,base,2-28,1,Gurindji affixes in Gurindji Kriol,,19,19,,,,1
2013-11-19T20:49:33.827661+01:00,2013-11-19T20:49:33.827665+01:00,True,,base,4-39,1,Russian affixes in Copper Island Aleut,,20,20,,,,1
2013-11-19T20:49:33.828277+01:00,2013-11-19T20:49:33.828281+01:00,True,,base,4-40,13,Russian affixes in Copper Island Aleut,,21,21,,,,1
2013-11-19T20:49:33.828882+01:00,2013-11-19T20:49:33.828885+01:00,True,,base,4-43,1,Russian affixes in Copper Island Aleut,,22,22,,,,1
2013-11-19T20:49:33.852109+01:00,2013-11-19T20:49:33.852116+01:00,True,,base,5-3,4,Mongolian affixes in Sakha,,23,23,,,,1
2013-11-19T20:49:33.852837+01:00,2013-11-19T20:49:33.852843+01:00,True,,base,5-4,1,Mongolian affixes in Sakha,,24,24,,,,1
2013-11-19T20:49:33.853488+01:00,2013-11-19T20:49:33.853493+01:00,True,,base,5-19,1,Mongolian affixes in Sakha,,25,25,,,,1
2013-11-19T20:49:33.854190+01:00,2013-11-19T20:49:33.854194+01:00,True,,base,5-20,1,Mongolian affixes in Sakha,,26,26,,,,1
2013-11-19T20:49:33.854918+01:00,2013-11-19T20:49:33.854923+01:00,True,,base,5-21,3,Mongolian affixes in Sakha,,27,27,,,,1
2013-11-19T20:49:33.855616+01:00,2013-11-19T20:49:33.855621+01:00,True,,base,5-24,1,Mongolian affixes in Sakha,,28,28,,,,1
2013-11-19T20:49:33.856305+01:00,2013-11-19T20:49:33.856309+01:00,True,,base,5-32,1,Mongolian affixes in Sakha,,29,29,,,,1
2013-11-19T20:49:33.857136+01:00,2013-11-19T20:49:33.857144+01:00,True,,base,5-38,1,Mongolian affixes in Sakha,,30,30,,,,1
2013-11-19T20:49:33.857907+01:00,2013-11-19T20:49:33.857915+01:00,True,,base,5-41,1,Mongolian affixes in Sakha,,31,31,,,,1
2013-11-19T20:49:33.886313+01:00,2013-11-19T20:49:33.886318+01:00,True,,base,6-3,1,Romanian affixes in Kalderash Romani,,32,32,,,,1
2013-11-19T20:49:33.886674+01:00,2013-11-19T20:49:33.886678+01:00,True,,base,6-14,1,Romanian affixes in Kalderash Romani,,33,33,,,,1
2013-11-19T20:49:33.886987+01:00,2013-11-19T20:49:33.886990+01:00,True,,base,6-16,1,Romanian affixes in Kalderash Romani,,34,34,,,,1
2013-11-19T20:49:33.887328+01:00,2013-11-19T20:49:33.887331+01:00,True,,base,6-20,6,Romanian affixes in Kalderash Romani,,35,35,,,,1
2013-11-19T20:49:33.887752+01:00,2013-11-19T20:49:33.887755+01:00,True,,base,6-28,1,Romanian affixes in Kalderash Romani,,36,36,,,,1
2013-11-19T20:49:33.888130+01:00,2013-11-19T20:49:33.888132+01:00,True,,base,6-31,1,Romanian affixes in Kalderash Romani,,37,37,,,,1
2013-11-19T20:49:33.902995+01:00,2013-11-19T20:49:33.903006+01:00,True,,base,7-31,1,Sakha affixes in Sebjan‑Küöl Ėven,,38,38,,,,1
2013-11-19T20:49:33.904001+01:00,2013-11-19T20:49:33.904015+01:00,True,,base,7-40,21,Sakha affixes in Sebjan‑Küöl Ėven,,39,39,,,,1
2013-11-19T20:49:33.922379+01:00,2013-11-19T20:49:33.922385+01:00,True,,base,8-4,1,Uzbek affixes in Northern Tajik,,40,40,,,,1
2013-11-19T20:49:33.922934+01:00,2013-11-19T20:49:33.922940+01:00,True,,base,8-7,1,Uzbek affixes in Northern Tajik,,41,41,,,,1
2013-11-19T20:49:33.923404+01:00,2013-11-19T20:49:33.923409+01:00,True,,base,8-9,2,Uzbek affixes in Northern Tajik,,42,42,,,,1
2013-11-19T20:49:33.923828+01:00,2013-11-19T20:49:33.923833+01:00,True,,base,8-10,2,Uzbek affixes in Northern Tajik,,43,43,,,,1
2013-11-19T20:49:33.924256+01:00,2013-11-19T20:49:33.924260+01:00,True,,base,8-11,1,Uzbek affixes in Northern Tajik,,44,44,,,,1
2013-11-19T20:49:33.924711+01:00,2013-11-19T20:49:33.924716+01:00,True,,base,8-20,1,Uzbek affixes in Northern Tajik,,45,45,,,,1
2013-11-19T20:49:33.925191+01:00,2013-11-19T20:49:33.925197+01:00,True,,base,8-21,1,Uzbek affixes in Northern Tajik,,46,46,,,,1
2013-11-19T20:49:33.925669+01:00,2013-11-19T20:49:33.925675+01:00,True,,base,8-32,2,Uzbek affixes in Northern Tajik,,47,47,,,,1
2013-11-19T20:49:33.935480+01:00,2013-11-19T20:49:33.935485+01:00,True,,base,10-20,2,Sanskrit affixes in Indonesian,,48,48,,,,1
2013-11-19T20:49:33.935856+01:00,2013-11-19T20:49:33.935859+01:00,True,,base,10-27,16,Sanskrit affixes in Indonesian,,49,49,,,,1
2013-11-19T20:49:33.945945+01:00,2013-11-19T20:49:33.945951+01:00,True,,base,11-31,1,Sakha affixes in Uchur Ėvenki,,50,50,,,,1
2013-11-19T20:49:33.946356+01:00,2013-11-19T20:49:33.946359+01:00,True,,base,11-38,1,Sakha affixes in Uchur Ėvenki,,51,51,,,,1
2013-11-19T20:49:33.946680+01:00,2013-11-19T20:49:33.946683+01:00,True,,base,11-40,6,Sakha affixes in Uchur Ėvenki,,52,52,,,,1
2013-11-19T20:49:33.960091+01:00,2013-11-19T20:49:33.960100+01:00,True,,base,12-3,1,Norman French affixes in Middle English,,53,53,,,,1
2013-11-19T20:49:33.960687+01:00,2013-11-19T20:49:33.960692+01:00,True,,base,12-19,3,Norman French affixes in Middle English,,54,54,,,,1
2013-11-19T20:49:33.961046+01:00,2013-11-19T20:49:33.961049+01:00,True,,base,12-21,4,Norman French affixes in Middle English,,55,55,,,,1
2013-11-19T20:49:33.978891+01:00,2013-11-19T20:49:33.978900+01:00,True,,base,13-3,3,Visayan affixes in Chabacano,,56,56,,,,1
2013-11-19T20:49:33.979594+01:00,2013-11-19T20:49:33.979602+01:00,True,,base,13-19,1,Visayan affixes in Chabacano,,57,57,,,,1
2013-11-19T20:49:33.980159+01:00,2013-11-19T20:49:33.980167+01:00,True,,base,13-31,1,Visayan affixes in Chabacano,,58,58,,,,1
2013-11-19T20:49:33.980693+01:00,2013-11-19T20:49:33.980699+01:00,True,,base,13-37,1,Visayan affixes in Chabacano,,59,59,,,,1
2013-11-19T20:49:33.981234+01:00,2013-11-19T20:49:33.981240+01:00,True,,base,13-41,2,Visayan affixes in Chabacano,,60,60,,,,1
2013-11-19T20:49:33.994044+01:00,2013-11-19T20:49:33.994048+01:00,True,,base,14-40,8,Tigre affixes in Bilin,,61,61,,,,1
2013-11-19T20:49:34.008061+01:00,2013-11-19T20:49:34.008068+01:00,True,,base,15-3,4,Bosnian/Croatian/Serbian affixes in Albanian,,62,62,,,,1
2013-11-19T20:49:34.009088+01:00,2013-11-19T20:49:34.009095+01:00,True,,base,15-19,6,Bosnian/Croatian/Serbian affixes in Albanian,,63,63,,,,1
2013-11-19T20:49:34.009690+01:00,2013-11-19T20:49:34.009699+01:00,True,,base,15-20,1,Bosnian/Croatian/Serbian affixes in Albanian,,64,64,,,,1
2013-11-19T20:49:34.010325+01:00,2013-11-19T20:49:34.010333+01:00,True,,base,15-23,2,Bosnian/Croatian/Serbian affixes in Albanian,,65,65,,,,1
2013-11-19T20:49:34.010937+01:00,2013-11-19T20:49:34.010946+01:00,True,,base,15-41,1,Bosnian/Croatian/Serbian affixes in Albanian,,66,66,,,,1
2013-11-19T20:49:34.028973+01:00,2013-11-19T20:49:34.028977+01:00,True,,base,16-3,3,Spanish affixes in Cajamarca Quechua,,67,67,,,,1
2013-11-19T20:49:34.029332+01:00,2013-11-19T20:49:34.029335+01:00,True,,base,16-14,1,Spanish affixes in Cajamarca Quechua,,68,68,,,,1
2013-11-19T20:49:34.029695+01:00,2013-11-19T20:49:34.029699+01:00,True,,base,16-19,1,Spanish affixes in Cajamarca Quechua,,69,69,,,,1
2013-11-19T20:49:34.030024+01:00,2013-11-19T20:49:34.030027+01:00,True,,base,16-20,2,Spanish affixes in Cajamarca Quechua,,70,70,,,,1
2013-11-19T20:49:34.039873+01:00,2013-11-19T20:49:34.039876+01:00,True,,base,17-5,2,Aymara affixes in Uru,,71,71,,,,1
2013-11-19T20:49:34.040232+01:00,2013-11-19T20:49:34.040235+01:00,True,,base,17-9,2,Aymara affixes in Uru,,72,72,,,,1
2013-11-19T20:49:34.040663+01:00,2013-11-19T20:49:34.040666+01:00,True,,base,17-10,1,Aymara affixes in Uru,,73,73,,,,1
2013-11-19T20:49:34.041256+01:00,2013-11-19T20:49:34.041259+01:00,True,,base,17-24,1,Aymara affixes in Uru,,74,74,,,,1
2013-11-19T20:49:34.054319+01:00,2013-11-19T20:49:34.054323+01:00,True,,base,18-14,1,Russian affixes in Israeli Hebrew,,75,75,,,,1
2013-11-19T20:49:34.054739+01:00,2013-11-19T20:49:34.054743+01:00,True,,base,18-20,3,Russian affixes in Israeli Hebrew,,76,76,,,,1
2013-11-19T20:49:34.055088+01:00,2013-11-19T20:49:34.055091+01:00,True,,base,18-21,2,Russian affixes in Israeli Hebrew,,77,77,,,,1
2013-11-19T20:49:34.064012+01:00,2013-11-19T20:49:34.064017+01:00,True,,base,19-19,13,Dutch affixes in Indonesian,,78,78,,,,1
2013-11-19T20:49:34.076050+01:00,2013-11-19T20:49:34.076057+01:00,True,,base,20-19,1,Turkish affixes in Cappadocian Greek,,79,79,,,,1
2013-11-19T20:49:34.076830+01:00,2013-11-19T20:49:34.076836+01:00,True,,base,20-34,1,Turkish affixes in Cappadocian Greek,,80,80,,,,1
2013-11-19T20:49:34.077588+01:00,2013-11-19T20:49:34.077593+01:00,True,,base,20-40,2,Turkish affixes in Cappadocian Greek,,81,81,,,,1
2013-11-19T20:49:34.078325+01:00,2013-11-19T20:49:34.078330+01:00,True,,base,20-41,1,Turkish affixes in Cappadocian Greek,,82,82,,,,1
2013-11-19T20:49:34.101288+01:00,2013-11-19T20:49:34.101298+01:00,True,,base,21-12,2,Greek affixes in Kormakiti,,83,83,,,,1
2013-11-19T20:49:34.102151+01:00,2013-11-19T20:49:34.102160+01:00,True,,base,21-14,1,Greek affixes in Kormakiti,,84,84,,,,1
2013-11-19T20:49:34.103170+01:00,2013-11-19T20:49:34.103181+01:00,True,,base,21-24,2,Greek affixes in Kormakiti,,85,85,,,,1
2013-11-19T20:49:34.128011+01:00,2013-11-19T20:49:34.128016+01:00,True,,base,22-1,1,Libyan Arabic affixes in Siwi,,86,86,,,,1
2013-11-19T20:49:34.128632+01:00,2013-11-19T20:49:34.128635+01:00,True,,base,22-2,1,Libyan Arabic affixes in Siwi,,87,87,,,,1
2013-11-19T20:49:34.129225+01:00,2013-11-19T20:49:34.129228+01:00,True,,base,22-19,1,Libyan Arabic affixes in Siwi,,88,88,,,,1
2013-11-19T20:49:34.129888+01:00,2013-11-19T20:49:34.129891+01:00,True,,base,22-20,1,Libyan Arabic affixes in Siwi,,89,89,,,,1
2013-11-19T20:49:34.130775+01:00,2013-11-19T20:49:34.130786+01:00,True,,base,22-38,1,Libyan Arabic affixes in Siwi,,90,90,,,,1
2013-11-19T20:49:34.148326+01:00,2013-11-19T20:49:34.148330+01:00,True,,base,23-9,2,Nunggubuyu affixes in Warndarang,,91,91,,,,1
2013-11-19T20:49:34.149079+01:00,2013-11-19T20:49:34.149083+01:00,True,,base,23-13,3,Nunggubuyu affixes in Warndarang,,92,92,,,,1
2013-11-19T20:49:34.162976+01:00,2013-11-19T20:49:34.162988+01:00,True,,base,25-3,1,Turkish affixes in Albanian,,93,62,,,,1
2013-11-19T20:49:34.164332+01:00,2013-11-19T20:49:34.164343+01:00,True,,base,25-20,2,Turkish affixes in Albanian,,94,64,,,,1
2013-11-19T20:49:34.165514+01:00,2013-11-19T20:49:34.165524+01:00,True,,base,25-21,1,Turkish affixes in Albanian,,95,93,,,,1
2013-11-19T20:49:34.166417+01:00,2013-11-19T20:49:34.166425+01:00,True,,base,25-22,1,Turkish affixes in Albanian,,96,94,,,,1
2013-11-19T20:49:34.167380+01:00,2013-11-19T20:49:34.167390+01:00,True,,base,25-24,1,Turkish affixes in Albanian,,97,95,,,,1
2013-11-19T20:49:34.186655+01:00,2013-11-19T20:49:34.186659+01:00,True,,base,26-24,1,Carib affixes in Garifuna,,98,96,,,,1
2013-11-19T20:49:34.187423+01:00,2013-11-19T20:49:34.187427+01:00,True,,base,26-29,1,Carib affixes in Garifuna,,99,97,,,,1
2013-11-19T20:49:34.210174+01:00,2013-11-19T20:49:34.210183+01:00,True,,base,27-3,1,Chuvash affixes in Mari,,100,98,,,,1
2013-11-19T20:49:34.210781+01:00,2013-11-19T20:49:34.210787+01:00,True,,base,27-9,4,Chuvash affixes in Mari,,101,99,,,,1
2013-11-19T20:49:34.211312+01:00,2013-11-19T20:49:34.211318+01:00,True,,base,27-11,1,Chuvash affixes in Mari,,102,100,,,,1
2013-11-19T20:49:34.211812+01:00,2013-11-19T20:49:34.211818+01:00,True,,base,27-16,1,Chuvash affixes in Mari,,103,101,,,,1
2013-11-19T20:49:34.212483+01:00,2013-11-19T20:49:34.212494+01:00,True,,base,27-21,1,Chuvash affixes in Mari,,104,102,,,,1
2013-11-19T20:49:34.213230+01:00,2013-11-19T20:49:34.213236+01:00,True,,base,27-31,1,Chuvash affixes in Mari,,105,103,,,,1
2013-11-19T20:49:34.213943+01:00,2013-11-19T20:49:34.213951+01:00,True,,base,27-34,1,Chuvash affixes in Mari,,106,104,,,,1
2013-11-19T20:49:34.214696+01:00,2013-11-19T20:49:34.214704+01:00,True,,base,27-35,1,Chuvash affixes in Mari,,107,105,,,,1
2013-11-19T20:49:34.215580+01:00,2013-11-19T20:49:34.215591+01:00,True,,base,27-38,1,Chuvash affixes in Mari,,108,106,,,,1
2013-11-19T20:49:34.238054+01:00,2013-11-19T20:49:34.238063+01:00,True,,base,28-9,3,Nepali affixes in Chantyal,,109,107,,,,1
2013-11-19T20:49:34.238832+01:00,2013-11-19T20:49:34.238840+01:00,True,,base,28-11,1,Nepali affixes in Chantyal,,110,108,,,,1
2013-11-19T20:49:34.257473+01:00,2013-11-19T20:49:34.257476+01:00,True,,base,29-9,1,Ngandi affixes in Ritharngu,,111,109,,,,1
2013-11-19T20:49:34.258045+01:00,2013-11-19T20:49:34.258049+01:00,True,,base,29-25,1,Ngandi affixes in Ritharngu,,112,110,,,,1
2013-11-19T20:49:34.258608+01:00,2013-11-19T20:49:34.258612+01:00,True,,base,29-27,1,Ngandi affixes in Ritharngu,,113,111,,,,1
2013-11-19T20:49:34.259170+01:00,2013-11-19T20:49:34.259174+01:00,True,,base,29-43,1,Ngandi affixes in Ritharngu,,114,112,,,,1
2013-11-19T20:49:34.271131+01:00,2013-11-19T20:49:34.271136+01:00,True,,base,31-22,1,Ilokano affixes in Guina‑ang Bontok,,115,113,,,,1
2013-11-19T20:49:34.271739+01:00,2013-11-19T20:49:34.271743+01:00,True,,base,31-38,2,Ilokano affixes in Guina‑ang Bontok,,116,114,,,,1
2013-11-19T20:49:34.287767+01:00,2013-11-19T20:49:34.287779+01:00,True,,base,33-1,1,Kurdish affixes in Sonqor Turkic,,117,115,,,,1
2013-11-19T20:49:34.288592+01:00,2013-11-19T20:49:34.288601+01:00,True,,base,33-5,1,Kurdish affixes in Sonqor Turkic,,118,116,,,,1
2013-11-19T20:49:34.289446+01:00,2013-11-19T20:49:34.289455+01:00,True,,base,33-16,1,Kurdish affixes in Sonqor Turkic,,119,117,,,,1
2013-11-19T20:49:34.290238+01:00,2013-11-19T20:49:34.290247+01:00,True,,base,33-40,2,Kurdish affixes in Sonqor Turkic,,120,118,,,,1
2013-11-19T20:49:34.308505+01:00,2013-11-19T20:49:34.308517+01:00,True,,base,34-7,1,Ritharngu affixes in Ngandi,,121,119,,,,1
2013-11-19T20:49:34.309367+01:00,2013-11-19T20:49:34.309378+01:00,True,,base,34-8,1,Ritharngu affixes in Ngandi,,122,120,,,,1
2013-11-19T20:49:34.327774+01:00,2013-11-19T20:49:34.327777+01:00,True,,base,35-39,2,Kxoe affixes in Danisi,,123,121,,,,1
2013-11-19T20:49:34.339074+01:00,2013-11-19T20:49:34.339078+01:00,True,,base,37-38,8,Croatian affixes in Istro‑Romanian,,124,122,,,,1
2013-11-19T20:49:34.346997+01:00,2013-11-19T20:49:34.347002+01:00,True,,base,39-32,1,Quapaw affixes in Koasati,,125,123,,,,1
2013-11-19T20:49:34.357726+01:00,2013-11-19T20:49:34.357732+01:00,True,,base,40-24,1,Aramaic affixes in syrian‑lebanese‑mesopotamian Arabic,,126,124,,,,1
2013-11-19T20:49:34.358527+01:00,2013-11-19T20:49:34.358533+01:00,True,,base,40-38,1,Aramaic affixes in syrian‑lebanese‑mesopotamian Arabic,,127,125,,,,1
2013-11-19T20:49:34.370909+01:00,2013-11-19T20:49:34.370916+01:00,True,,base,41-38,1,Tamil affixes in Sri Lanka Portuguese,,128,126,,,,1
2013-11-19T20:49:34.371625+01:00,2013-11-19T20:49:34.371630+01:00,True,,base,41-42,1,Tamil affixes in Sri Lanka Portuguese,,129,127,,,,1
2013-11-19T20:49:34.385573+01:00,2013-11-19T20:49:34.385582+01:00,True,,base,42-3,1,Northern Nyungic affixes in Kayardild,,130,128,,,,1
2013-11-19T20:49:34.398968+01:00,2013-11-19T20:49:34.398979+01:00,True,,base,43-31,1,Akkadian affixes in Sumerian,,131,129,,,,1
2013-11-19T20:49:34.411762+01:00,2013-11-19T20:49:34.411766+01:00,True,,base,44-31,1,Naasioi affixes in Torau,,132,130,,,,1
2013-11-19T20:49:34.419732+01:00,2013-11-19T20:49:34.419736+01:00,True,,base,46-3,1,Arabic affixes in Indonesian,,133,131,,,,1
2013-11-19T20:49:34.428252+01:00,2013-11-19T20:49:34.428256+01:00,True,,base,67-3,1,Sicilian Italian affixes in Maltese,,134,132,,,,1
2013-11-19T20:49:34.428956+01:00,2013-11-19T20:49:34.428959+01:00,True,,base,67-26,3,Sicilian Italian affixes in Maltese,,135,133,,,,1
2013-11-19T20:49:34.443390+01:00,2013-11-19T20:49:34.443403+01:00,True,,base,68-42,2,Sadri affixes in Kharia,,136,134,,,,1
2013-11-19T20:49:34.462400+01:00,2013-11-19T20:49:34.462409+01:00,True,,base,70-40,2,Estonian affixes in Ingrian Finnish,,137,135,,,,1
2013-11-19T20:49:34.475984+01:00,2013-11-19T20:49:34.475998+01:00,True,,base,72-14,1,Swahili affixes in Malagasy,,138,136,,,,1
2013-11-19T20:49:34.478182+01:00,2013-11-19T20:49:34.478199+01:00,True,,base,72-38,1,Swahili affixes in Malagasy,,139,137,,,,1
2013-11-19T20:49:34.497914+01:00,2013-11-19T20:49:34.497924+01:00,True,,base,73-19,1,Banjar Malay affixes in Malagasy,,140,138,,,,1
2013-11-19T20:49:34.498673+01:00,2013-11-19T20:49:34.498681+01:00,True,,base,73-22,1,Banjar Malay affixes in Malagasy,,141,139,,,,1
2013-11-19T20:49:34.499259+01:00,2013-11-19T20:49:34.499265+01:00,True,,base,73-33,1,Banjar Malay affixes in Malagasy,,142,140,,,,1
2013-11-19T20:49:34.499865+01:00,2013-11-19T20:49:34.499873+01:00,True,,base,73-38,1,Banjar Malay affixes in Malagasy,,143,137,,,,1
2013-11-19T20:49:34.818548+01:00,2013-11-19T20:49:34.818551+01:00,True,,base,110-35,3,Komi‑Zyrian affixes in Khanty,,216,213,,,,1
2013-11-19T20:49:34.515213+01:00,2013-11-19T20:49:34.515222+01:00,True,,base,75-24,1,intermediate Proto‑Carib affixes in Wayampi‑Emerillon‑Zo’é ,,144,141,,,,1
2013-11-19T20:49:34.526610+01:00,2013-11-19T20:49:34.526618+01:00,True,,base,77-27,1,English affixes in Hawaiian,,145,142,,,,1
2013-11-19T20:49:34.541543+01:00,2013-11-19T20:49:34.541553+01:00,True,,base,78-16,1,Russian affixes in Kola Saami,,146,143,,,,1
2013-11-19T20:49:34.542266+01:00,2013-11-19T20:49:34.542272+01:00,True,,base,78-17,2,Russian affixes in Kola Saami,,147,144,,,,1
2013-11-19T20:49:34.542816+01:00,2013-11-19T20:49:34.542823+01:00,True,,base,78-20,1,Russian affixes in Kola Saami,,148,145,,,,1
2013-11-19T20:49:34.543324+01:00,2013-11-19T20:49:34.543328+01:00,True,,base,78-38,1,Russian affixes in Kola Saami,,149,146,,,,1
2013-11-19T20:49:34.551086+01:00,2013-11-19T20:49:34.551092+01:00,True,,base,82-6,1,Turkish affixes in Western Kurmanji,,150,147,,,,1
2013-11-19T20:49:34.559186+01:00,2013-11-19T20:49:34.559191+01:00,True,,base,83-30,1,Nepali affixes in Manange,,151,148,,,,1
2013-11-19T20:49:34.583535+01:00,2013-11-19T20:49:34.583541+01:00,True,,base,85-3,2,Russian affixes in Yiddish,,152,149,,,,1
2013-11-19T20:49:34.583934+01:00,2013-11-19T20:49:34.583938+01:00,True,,base,85-12,3,Russian affixes in Yiddish,,153,150,,,,1
2013-11-19T20:49:34.584255+01:00,2013-11-19T20:49:34.584259+01:00,True,,base,85-14,3,Russian affixes in Yiddish,,154,151,,,,1
2013-11-19T20:49:34.584567+01:00,2013-11-19T20:49:34.584570+01:00,True,,base,85-20,2,Russian affixes in Yiddish,,155,152,,,,1
2013-11-19T20:49:34.584889+01:00,2013-11-19T20:49:34.584893+01:00,True,,base,85-23,1,Russian affixes in Yiddish,,156,153,,,,1
2013-11-19T20:49:34.585197+01:00,2013-11-19T20:49:34.585200+01:00,True,,base,85-28,1,Russian affixes in Yiddish,,157,154,,,,1
2013-11-19T20:49:34.585503+01:00,2013-11-19T20:49:34.585506+01:00,True,,base,85-41,1,Russian affixes in Yiddish,,158,155,,,,1
2013-11-19T20:49:34.604408+01:00,2013-11-19T20:49:34.604412+01:00,True,,base,87-3,2,Bulgarian affixes in Megleno Romanian,,159,156,,,,1
2013-11-19T20:49:34.604825+01:00,2013-11-19T20:49:34.604830+01:00,True,,base,87-14,12,Bulgarian affixes in Megleno Romanian,,160,157,,,,1
2013-11-19T20:49:34.605157+01:00,2013-11-19T20:49:34.605161+01:00,True,,base,87-19,1,Bulgarian affixes in Megleno Romanian,,161,158,,,,1
2013-11-19T20:49:34.605467+01:00,2013-11-19T20:49:34.605470+01:00,True,,base,87-21,4,Bulgarian affixes in Megleno Romanian,,162,159,,,,1
2013-11-19T20:49:34.605775+01:00,2013-11-19T20:49:34.605778+01:00,True,,base,87-22,2,Bulgarian affixes in Megleno Romanian,,163,160,,,,1
2013-11-19T20:49:34.606076+01:00,2013-11-19T20:49:34.606079+01:00,True,,base,87-23,2,Bulgarian affixes in Megleno Romanian,,164,161,,,,1
2013-11-19T20:49:34.606377+01:00,2013-11-19T20:49:34.606380+01:00,True,,base,87-38,10,Bulgarian affixes in Megleno Romanian,,165,162,,,,1
2013-11-19T20:49:34.606676+01:00,2013-11-19T20:49:34.606679+01:00,True,,base,87-40,2,Bulgarian affixes in Megleno Romanian,,166,163,,,,1
2013-11-19T20:49:34.618901+01:00,2013-11-19T20:49:34.618905+01:00,True,,base,88-14,4,Greek affixes in Arvanitic Albanian,,167,164,,,,1
2013-11-19T20:49:34.619250+01:00,2013-11-19T20:49:34.619254+01:00,True,,base,88-20,1,Greek affixes in Arvanitic Albanian,,168,165,,,,1
2013-11-19T20:49:34.619563+01:00,2013-11-19T20:49:34.619566+01:00,True,,base,88-22,1,Greek affixes in Arvanitic Albanian,,169,166,,,,1
2013-11-19T20:49:34.619870+01:00,2013-11-19T20:49:34.619873+01:00,True,,base,88-27,14,Greek affixes in Arvanitic Albanian,,170,167,,,,1
2013-11-19T20:49:34.620175+01:00,2013-11-19T20:49:34.620177+01:00,True,,base,88-39,8,Greek affixes in Arvanitic Albanian,,171,168,,,,1
2013-11-19T20:49:34.620478+01:00,2013-11-19T20:49:34.620481+01:00,True,,base,88-41,3,Greek affixes in Arvanitic Albanian,,172,169,,,,1
2013-11-19T20:49:34.629459+01:00,2013-11-19T20:49:34.629465+01:00,True,,base,92-2,1,Russian affixes in Lithuanian Romani,,173,170,,,,1
2013-11-19T20:49:34.629933+01:00,2013-11-19T20:49:34.629938+01:00,True,,base,92-38,5,Russian affixes in Lithuanian Romani,,174,171,,,,1
2013-11-19T20:49:34.639315+01:00,2013-11-19T20:49:34.639321+01:00,True,,base,93-20,1,Spanish affixes in Sierra Popoluca,,175,172,,,,1
2013-11-19T20:49:34.651635+01:00,2013-11-19T20:49:34.651640+01:00,True,,base,94-1,1,Makrān Baluchi affixes in Brahui,,176,173,,,,1
2013-11-19T20:49:34.652096+01:00,2013-11-19T20:49:34.652100+01:00,True,,base,94-3,1,Makrān Baluchi affixes in Brahui,,177,174,,,,1
2013-11-19T20:49:34.652522+01:00,2013-11-19T20:49:34.652527+01:00,True,,base,94-38,1,Makrān Baluchi affixes in Brahui,,178,175,,,,1
2013-11-19T20:49:34.668355+01:00,2013-11-19T20:49:34.668361+01:00,True,,base,95-19,1,Malay affixes in Semelai,,179,176,,,,1
2013-11-19T20:49:34.668842+01:00,2013-11-19T20:49:34.668846+01:00,True,,base,95-33,1,Malay affixes in Semelai,,180,177,,,,1
2013-11-19T20:49:34.669272+01:00,2013-11-19T20:49:34.669277+01:00,True,,base,95-34,1,Malay affixes in Semelai,,181,178,,,,1
2013-11-19T20:49:34.669700+01:00,2013-11-19T20:49:34.669705+01:00,True,,base,95-36,1,Malay affixes in Semelai,,182,179,,,,1
2013-11-19T20:49:34.670126+01:00,2013-11-19T20:49:34.670130+01:00,True,,base,95-38,4,Malay affixes in Semelai,,183,180,,,,1
2013-11-19T20:49:34.679139+01:00,2013-11-19T20:49:34.679144+01:00,True,,base,96-33,1,Indonesian affixes in Tukang Besi,,184,181,,,,1
2013-11-19T20:49:34.687522+01:00,2013-11-19T20:49:34.687528+01:00,True,,base,97-40,3,Warembori affixes in Kwerba Kasonaweja,,185,182,,,,1
2013-11-19T20:49:34.698651+01:00,2013-11-19T20:49:34.698658+01:00,True,,base,98-19,1,Farsi affixes in Lezgian,,186,183,,,,1
2013-11-19T20:49:34.699187+01:00,2013-11-19T20:49:34.699192+01:00,True,,base,98-20,2,Farsi affixes in Lezgian,,187,184,,,,1
2013-11-19T20:49:34.710359+01:00,2013-11-19T20:49:34.710365+01:00,True,,base,99-40,1,Shua‑Tshwa affixes in G|ui‑Gǁana ,,188,185,,,,1
2013-11-19T20:49:34.718365+01:00,2013-11-19T20:49:34.718370+01:00,True,,base,100-5,3,Chukchi affixes in Central Siberian Yupik Eskimo,,189,186,,,,1
2013-11-19T20:49:34.730593+01:00,2013-11-19T20:49:34.730601+01:00,True,,base,101-27,1,Karrwa affixes in Kayardild,,190,187,,,,1
2013-11-19T20:49:34.748179+01:00,2013-11-19T20:49:34.748186+01:00,True,,base,102-3,4,Hindi affixes in Kurux,,191,188,,,,1
2013-11-19T20:49:34.748767+01:00,2013-11-19T20:49:34.748773+01:00,True,,base,102-12,1,Hindi affixes in Kurux,,192,189,,,,1
2013-11-19T20:49:34.749243+01:00,2013-11-19T20:49:34.749249+01:00,True,,base,102-32,2,Hindi affixes in Kurux,,193,190,,,,1
2013-11-19T20:49:34.749692+01:00,2013-11-19T20:49:34.749697+01:00,True,,base,102-33,1,Hindi affixes in Kurux,,194,191,,,,1
2013-11-19T20:49:34.768793+01:00,2013-11-19T20:49:34.768800+01:00,True,,base,107-3,1,Persian affixes in Turkish,,195,192,,,,1
2013-11-19T20:49:34.769342+01:00,2013-11-19T20:49:34.769348+01:00,True,,base,107-19,1,Persian affixes in Turkish,,196,193,,,,1
2013-11-19T20:49:34.769794+01:00,2013-11-19T20:49:34.769799+01:00,True,,base,107-20,3,Persian affixes in Turkish,,197,194,,,,1
2013-11-19T20:49:34.770239+01:00,2013-11-19T20:49:34.770244+01:00,True,,base,107-23,1,Persian affixes in Turkish,,198,195,,,,1
2013-11-19T20:49:34.770677+01:00,2013-11-19T20:49:34.770682+01:00,True,,base,107-27,1,Persian affixes in Turkish,,199,196,,,,1
2013-11-19T20:49:34.787449+01:00,2013-11-19T20:49:34.787453+01:00,True,,base,108-3,3,Persian affixes in Azari,,200,197,,,,1
2013-11-19T20:49:34.787816+01:00,2013-11-19T20:49:34.787819+01:00,True,,base,108-14,1,Persian affixes in Azari,,201,198,,,,1
2013-11-19T20:49:34.788133+01:00,2013-11-19T20:49:34.788137+01:00,True,,base,108-20,4,Persian affixes in Azari,,202,199,,,,1
2013-11-19T20:49:34.788442+01:00,2013-11-19T20:49:34.788445+01:00,True,,base,108-23,1,Persian affixes in Azari,,203,200,,,,1
2013-11-19T20:49:34.788759+01:00,2013-11-19T20:49:34.788763+01:00,True,,base,108-27,1,Persian affixes in Azari,,204,201,,,,1
2013-11-19T20:49:34.800426+01:00,2013-11-19T20:49:34.800430+01:00,True,,base,109-3,4,Persian affixes in Kashmiri,,205,202,,,,1
2013-11-19T20:49:34.800835+01:00,2013-11-19T20:49:34.800838+01:00,True,,base,109-20,2,Persian affixes in Kashmiri,,206,203,,,,1
2013-11-19T20:49:34.801155+01:00,2013-11-19T20:49:34.801158+01:00,True,,base,109-21,2,Persian affixes in Kashmiri,,207,204,,,,1
2013-11-19T20:49:34.801466+01:00,2013-11-19T20:49:34.801470+01:00,True,,base,109-27,4,Persian affixes in Kashmiri,,208,205,,,,1
2013-11-19T20:49:34.801775+01:00,2013-11-19T20:49:34.801778+01:00,True,,base,109-28,1,Persian affixes in Kashmiri,,209,206,,,,1
2013-11-19T20:49:34.816579+01:00,2013-11-19T20:49:34.816584+01:00,True,,base,110-1,1,Komi‑Zyrian affixes in Khanty,,210,207,,,,1
2013-11-19T20:49:34.817001+01:00,2013-11-19T20:49:34.817004+01:00,True,,base,110-2,1,Komi‑Zyrian affixes in Khanty,,211,208,,,,1
2013-11-19T20:49:34.817318+01:00,2013-11-19T20:49:34.817322+01:00,True,,base,110-3,5,Komi‑Zyrian affixes in Khanty,,212,209,,,,1
2013-11-19T20:49:34.817631+01:00,2013-11-19T20:49:34.817634+01:00,True,,base,110-14,1,Komi‑Zyrian affixes in Khanty,,213,210,,,,1
2013-11-19T20:49:34.817937+01:00,2013-11-19T20:49:34.817940+01:00,True,,base,110-27,1,Komi‑Zyrian affixes in Khanty,,214,211,,,,1
2013-11-19T20:49:34.818244+01:00,2013-11-19T20:49:34.818247+01:00,True,,base,110-34,1,Komi‑Zyrian affixes in Khanty,,215,212,,,,1
2013-11-19T20:49:34.818855+01:00,2013-11-19T20:49:34.818858+01:00,True,,base,110-39,1,Komi‑Zyrian affixes in Khanty,,217,214,,,,1
2013-11-19T20:49:34.819206+01:00,2013-11-19T20:49:34.819209+01:00,True,,base,110-41,1,Komi‑Zyrian affixes in Khanty,,218,215,,,,1
2013-11-19T20:49:34.827116+01:00,2013-11-19T20:49:34.827120+01:00,True,,base,111-12,2,Swedish affixes in Finnish,,219,216,,,,1
2013-11-19T20:49:34.827471+01:00,2013-11-19T20:49:34.827474+01:00,True,,base,111-20,1,Swedish affixes in Finnish,,220,217,,,,1
2013-11-19T20:49:34.848279+01:00,2013-11-19T20:49:34.848286+01:00,True,,base,112-39,1,"Yucuna and Cabiyarí affixes in Carapana, Tatuyo, Wáimaja, and Yurutí",,221,218,,,,1
2013-11-19T20:49:34.865182+01:00,2013-11-19T20:49:34.865187+01:00,True,,base,113-3,2,Latin affixes in Basque,,222,219,,,,1
2013-11-19T20:49:34.865870+01:00,2013-11-19T20:49:34.865874+01:00,True,,base,113-12,1,Latin affixes in Basque,,223,220,,,,1
2013-11-19T20:49:34.866507+01:00,2013-11-19T20:49:34.866511+01:00,True,,base,113-14,2,Latin affixes in Basque,,224,221,,,,1
2013-11-19T20:49:34.867134+01:00,2013-11-19T20:49:34.867138+01:00,True,,base,113-15,2,Latin affixes in Basque,,225,222,,,,1
2013-11-19T20:49:34.867754+01:00,2013-11-19T20:49:34.867759+01:00,True,,base,113-20,4,Latin affixes in Basque,,226,223,,,,1
2013-11-19T20:49:34.868374+01:00,2013-11-19T20:49:34.868378+01:00,True,,base,113-21,17,Latin affixes in Basque,,227,224,,,,1
2013-11-19T20:49:34.869020+01:00,2013-11-19T20:49:34.869023+01:00,True,,base,113-22,2,Latin affixes in Basque,,228,225,,,,1
2013-11-19T20:49:34.869611+01:00,2013-11-19T20:49:34.869615+01:00,True,,base,113-27,4,Latin affixes in Basque,,229,226,,,,1
2013-11-19T20:49:34.870228+01:00,2013-11-19T20:49:34.870232+01:00,True,,base,113-28,1,Latin affixes in Basque,,230,227,,,,1
2013-11-19T20:49:34.882832+01:00,2013-11-19T20:49:34.882838+01:00,True,,base,114-21,1,Moroccan Berber affixes in Moroccan Arabic,,231,228,,,,1
2013-11-19T20:49:34.903326+01:00,2013-11-19T20:49:34.903333+01:00,True,,base,116-9,1,Tibetan affixes in Wutun,,232,229,,,,1
2013-11-19T20:49:34.904066+01:00,2013-11-19T20:49:34.904072+01:00,True,,base,116-10,1,Tibetan affixes in Wutun,,233,230,,,,1
2013-11-19T20:49:34.904835+01:00,2013-11-19T20:49:34.904841+01:00,True,,base,116-36,1,Tibetan affixes in Wutun,,234,231,,,,1
2013-11-19T20:49:34.905585+01:00,2013-11-19T20:49:34.905591+01:00,True,,base,116-38,2,Tibetan affixes in Wutun,,235,232,,,,1
2013-11-19T20:49:34.906326+01:00,2013-11-19T20:49:34.906332+01:00,True,,base,116-42,2,Tibetan affixes in Wutun,,236,233,,,,1
2013-11-19T20:49:34.924544+01:00,2013-11-19T20:49:34.924553+01:00,True,,base,117-38,8,Aymara affixes in Quechua de Puno,,237,234,,,,1
2013-11-19T20:49:34.925453+01:00,2013-11-19T20:49:34.925461+01:00,True,,base,117-39,1,Aymara affixes in Quechua de Puno,,238,235,,,,1
2013-11-19T20:49:34.940320+01:00,2013-11-19T20:49:34.940329+01:00,True,,base,118-9,1,Santa affixes in Chinese of Línxìa/Hézōu,,239,236,,,,1
2013-11-19T20:49:34.965665+01:00,2013-11-19T20:49:34.965668+01:00,True,,base,119-14,1,Turkish affixes in Judeo‑Spanish,,240,237,,,,1
2013-11-19T20:49:34.966302+01:00,2013-11-19T20:49:34.966305+01:00,True,,base,119-19,1,Turkish affixes in Judeo‑Spanish,,241,238,,,,1
2013-11-19T20:49:34.966902+01:00,2013-11-19T20:49:34.966905+01:00,True,,base,119-23,1,Turkish affixes in Judeo‑Spanish,,242,239,,,,1
2013-11-19T20:49:34.967493+01:00,2013-11-19T20:49:34.967496+01:00,True,,base,119-27,2,Turkish affixes in Judeo‑Spanish,,243,240,,,,1
2013-11-19T20:49:34.968083+01:00,2013-11-19T20:49:34.968086+01:00,True,,base,119-28,1,Turkish affixes in Judeo‑Spanish,,244,241,,,,1
2013-11-19T20:49:34.978155+01:00,2013-11-19T20:49:34.978162+01:00,True,,base,124-16,6,Russian affixes in Karelien,,245,242,,,,1
2013-11-19T20:49:34.992109+01:00,2013-11-19T20:49:34.992120+01:00,True,,base,125-5,1,Eastern Tucanoan affixes in Tariana,,246,243,,,,1
2013-11-19T20:49:34.992967+01:00,2013-11-19T20:49:34.992976+01:00,True,,base,125-39,2,Eastern Tucanoan affixes in Tariana,,247,244,,,,1
2013-11-19T20:49:35.011347+01:00,2013-11-19T20:49:35.011350+01:00,True,,base,126-3,1,Greek affixes in Kalderash Romani,,248,32,,,,1
2013-11-19T20:49:35.012055+01:00,2013-11-19T20:49:35.012058+01:00,True,,base,126-14,1,Greek affixes in Kalderash Romani,,249,33,,,,1
2013-11-19T20:49:35.012726+01:00,2013-11-19T20:49:35.012729+01:00,True,,base,126-21,2,Greek affixes in Kalderash Romani,,250,245,,,,1
2013-11-19T20:49:35.013301+01:00,2013-11-19T20:49:35.013304+01:00,True,,base,126-31,1,Greek affixes in Kalderash Romani,,251,37,,,,1
2013-11-19T20:49:35.021044+01:00,2013-11-19T20:49:35.021049+01:00,True,,base,127-39,3,Spanish affixes in Cho’ol,,252,246,,,,1
2013-11-19T20:49:35.029604+01:00,2013-11-19T20:49:35.029609+01:00,True,,base,128-42,1,Zoquean affixes in Cho’ol,,253,247,,,,1
2013-11-19T20:49:35.047334+01:00,2013-11-19T20:49:35.047338+01:00,True,,base,130-1,1,Arabic affixes in Western Neo‑Aramaic of Ma’lūla,,254,248,,,,1
2013-11-19T20:49:35.059908+01:00,2013-11-19T20:49:35.059912+01:00,True,,base,132-30,15,Tibeto-Burman affixes in Assamese,,255,249,,,,1
2013-11-19T20:49:35.067750+01:00,2013-11-19T20:49:35.067762+01:00,True,,base,133-20,1,Portuguese affixes in Tetun Dili,,256,250,,,,1
2013-11-19T20:49:35.082797+01:00,2013-11-19T20:49:35.082808+01:00,True,,base,134-14,1,Spanish affixes in Purepecha/Tarascan,,257,251,,,,1
2013-11-19T20:49:35.100186+01:00,2013-11-19T20:49:35.100201+01:00,True,,base,135-14,1,Spanish affixes in Mexicanero de la Sierra Madre Occidental,,258,252,,,,1
2013-11-19T20:49:35.113130+01:00,2013-11-19T20:49:35.113138+01:00,True,,base,136-14,1,Spanish affixes in Yucatec Maya,,259,253,,,,1
2013-11-19T20:49:35.122936+01:00,2013-11-19T20:49:35.122940+01:00,True,,base,137-20,1,Indonesian affixes in Kedang,,260,254,,,,1
2013-11-19T20:49:35.138181+01:00,2013-11-19T20:49:35.138192+01:00,True,,base,138-20,1,Turkish affixes in Iraqi Arabic,,261,255,,,,1
2013-11-19T20:49:35.138806+01:00,2013-11-19T20:49:35.138811+01:00,True,,base,138-21,1,Turkish affixes in Iraqi Arabic,,262,256,,,,1
2013-11-19T20:49:35.139157+01:00,2013-11-19T20:49:35.139161+01:00,True,,base,138-22,1,Turkish affixes in Iraqi Arabic,,263,257,,,,1
2013-11-19T20:49:35.139493+01:00,2013-11-19T20:49:35.139496+01:00,True,,base,138-28,1,Turkish affixes in Iraqi Arabic,,264,258,,,,1
2013-11-19T20:49:35.147752+01:00,2013-11-19T20:49:35.147758+01:00,True,,base,139-31,1,Quapaw affixes in Alabama and Choctaw‑Chickasaw,,265,259,,,,1
2013-11-19T20:49:35.152836+01:00,2013-11-19T20:49:35.152842+01:00,True,,base,140-42,1,Hindi affixes in Kharia,,266,134,,,,1
2013-11-19T20:49:35.160017+01:00,2013-11-19T20:49:35.160022+01:00,True,,base,142-20,1,Latvian affixes in German,,267,260,,,,1
2013-11-19T20:49:35.170042+01:00,2013-11-19T20:49:35.170046+01:00,True,,base,143-5,2,Quechua affixes in Amuesha,,268,261,,,,1
2013-11-19T20:49:35.170394+01:00,2013-11-19T20:49:35.170398+01:00,True,,base,143-9,1,Quechua affixes in Amuesha,,269,262,,,,1
2013-11-19T20:49:35.179093+01:00,2013-11-19T20:49:35.179097+01:00,True,,base,144-1,1,Tajik affixes in Moghol,,270,263,,,,1
2013-11-19T20:49:35.179460+01:00,2013-11-19T20:49:35.179464+01:00,True,,base,144-2,1,Tajik affixes in Moghol,,271,264,,,,1
2013-11-19T20:49:35.179896+01:00,2013-11-19T20:49:35.179902+01:00,True,,base,144-10,1,Tajik affixes in Moghol,,272,265,,,,1
2013-11-19T20:49:35.180365+01:00,2013-11-19T20:49:35.180369+01:00,True,,base,144-24,4,Tajik affixes in Moghol,,273,266,,,,1
2013-11-19T20:49:35.186683+01:00,2013-11-19T20:49:35.186687+01:00,True,,base,145-24,1,Chinese affixes in Dagur,,274,267,,,,1
2013-11-19T20:49:35.192271+01:00,2013-11-19T20:49:35.192274+01:00,True,,base,146-2,1,Croatian affixes in Hungarian,,275,268,,,,1
2013-11-19T20:49:35.197250+01:00,2013-11-19T20:49:35.197254+01:00,True,,base,147-24,3,Evenki affixes in Dagur,,276,267,,,,1
2013-11-19T20:49:35.209176+01:00,2013-11-19T20:49:35.209180+01:00,True,,base,148-19,1,Chinese affixes in Santa,,277,269,,,,1
2013-11-19T20:49:35.209555+01:00,2013-11-19T20:49:35.209559+01:00,True,,base,148-20,4,Chinese affixes in Santa,,278,270,,,,1
2013-11-19T20:49:35.209922+01:00,2013-11-19T20:49:35.209925+01:00,True,,base,148-24,1,Chinese affixes in Santa,,279,271,,,,1
2013-11-19T20:49:35.210480+01:00,2013-11-19T20:49:35.210484+01:00,True,,base,148-33,1,Chinese affixes in Santa,,280,272,,,,1
2013-11-19T20:49:35.224174+01:00,2013-11-19T20:49:35.224179+01:00,True,,base,149-9,3,Turkic affixes in Middle Mongolic,,281,273,,,,1
2013-11-19T20:49:35.224925+01:00,2013-11-19T20:49:35.224929+01:00,True,,base,149-20,1,Turkic affixes in Middle Mongolic,,282,274,,,,1
2013-11-19T20:49:35.225590+01:00,2013-11-19T20:49:35.225594+01:00,True,,base,149-24,1,Turkic affixes in Middle Mongolic,,283,275,,,,1
2013-11-19T20:49:35.226099+01:00,2013-11-19T20:49:35.226102+01:00,True,,base,149-41,1,Turkic affixes in Middle Mongolic,,284,276,,,,1
2013-11-19T20:49:35.233963+01:00,2013-11-19T20:49:35.233967+01:00,True,,base,150-13,4,Lingala affixes in Ndunga-le,,285,277,,,,1
2013-11-19T20:49:35.240843+01:00,2013-11-19T20:49:35.240852+01:00,True,,base,151-24,4,Cushitic affixes in Ilwana,,286,278,,,,1
2013-11-19T20:49:35.251630+01:00,2013-11-19T20:49:35.251634+01:00,True,,base,152-38,2,North Swahili affixes in South Swahili,,287,279,,,,1
2013-11-19T20:49:35.263071+01:00,2013-11-19T20:49:35.263075+01:00,True,,base,153-14,1,Spanish affixes in Central Mexicano Nahuatl,,288,280,,,,1
2013-11-19T20:49:35.263440+01:00,2013-11-19T20:49:35.263443+01:00,True,,base,153-15,1,Spanish affixes in Central Mexicano Nahuatl,,289,281,,,,1
2013-11-19T20:49:35.263853+01:00,2013-11-19T20:49:35.263856+01:00,True,,base,153-20,1,Spanish affixes in Central Mexicano Nahuatl,,290,282,,,,1
